CREATE DATABASE  IF NOT EXISTS `ebdb` /*!40100 DEFAULT CHARACTER SET latin1 */;
USE `ebdb`;
-- MySQL dump 10.13  Distrib 5.6.13, for osx10.6 (i386)
--
-- Host: aa27yrhe1gbtid.cgrnpj9p5fmu.us-west-2.rds.amazonaws.com    Database: ebdb
-- ------------------------------------------------------
-- Server version	5.5.33-log

/*!40101 SET @OLD_CHARACTER_SET_CLIENT=@@CHARACTER_SET_CLIENT */;
/*!40101 SET @OLD_CHARACTER_SET_RESULTS=@@CHARACTER_SET_RESULTS */;
/*!40101 SET @OLD_COLLATION_CONNECTION=@@COLLATION_CONNECTION */;
/*!40101 SET NAMES utf8 */;
/*!40103 SET @OLD_TIME_ZONE=@@TIME_ZONE */;
/*!40103 SET TIME_ZONE='+00:00' */;
/*!40014 SET @OLD_UNIQUE_CHECKS=@@UNIQUE_CHECKS, UNIQUE_CHECKS=0 */;
/*!40014 SET @OLD_FOREIGN_KEY_CHECKS=@@FOREIGN_KEY_CHECKS, FOREIGN_KEY_CHECKS=0 */;
/*!40101 SET @OLD_SQL_MODE=@@SQL_MODE, SQL_MODE='NO_AUTO_VALUE_ON_ZERO' */;
/*!40111 SET @OLD_SQL_NOTES=@@SQL_NOTES, SQL_NOTES=0 */;

--
-- Table structure for table `bt`
--

DROP TABLE IF EXISTS `bt`;
/*!40101 SET @saved_cs_client     = @@character_set_client */;
/*!40101 SET character_set_client = utf8 */;
CREATE TABLE `bt` (
  `id` int(10) unsigned NOT NULL AUTO_INCREMENT,
  `breathTechnique` varchar(100) DEFAULT NULL,
  `desc` text,
  `link` text,
  `code` varchar(15) DEFAULT NULL,
  `created` datetime DEFAULT NULL,
  `lastUpdated` datetime DEFAULT NULL,
  PRIMARY KEY (`id`),
  UNIQUE KEY `id` (`id`)
) ENGINE=MyISAM AUTO_INCREMENT=28 DEFAULT CHARSET=latin1 COMMENT='Used to keep track of all bt';
/*!40101 SET character_set_client = @saved_cs_client */;

--
-- Dumping data for table `bt`
--

LOCK TABLES `bt` WRITE;
/*!40000 ALTER TABLE `bt` DISABLE KEYS */;
INSERT INTO `bt` VALUES (22,'Mind Sound Resonance','Mind Sound Resonance',NULL,'MSRT','2014-07-15 00:00:00','2014-07-15 00:00:00'),(20,'Deep Relaxation','Deep Relaxation',NULL,'DRTRRC','2014-07-15 00:00:00','2014-07-15 00:00:00'),(21,'Deep Relaxation','Deep Relaxation',NULL,'DRTRRD','2014-07-15 00:00:00','2014-07-15 00:00:00'),(18,'Deep Relaxation','Deep Relaxation',NULL,'DRTRRA','2014-07-15 00:00:00','2014-07-15 00:00:00'),(19,'Deep Relaxation','Deep Relaxation',NULL,'DRTRRB','2014-07-15 00:00:00','2014-07-15 00:00:00'),(17,'Deep Relaxation','Deep Relaxation',NULL,'DRTPRD','2014-07-15 00:00:00','2014-07-15 00:00:00'),(16,'Deep Relaxation','Deep Relaxation',NULL,'DRTPRC','2014-07-15 00:00:00','2014-07-15 00:00:00'),(15,'Deep Relaxation','Deep Relaxation',NULL,'DRTPRB','2014-07-15 00:00:00','2014-07-15 00:00:00'),(14,'Deep Relaxation','Deep Relaxation',NULL,'DRTPRA','2014-07-15 00:00:00','2014-07-15 00:00:00'),(13,'Deep Relaxation','Deep Relaxation',NULL,'DRTBLISS','2014-07-15 00:00:00','2014-07-15 00:00:00'),(11,'Deep Relaxation','Deep Relaxation',NULL,'DRTAUMB','2014-07-15 00:00:00','2014-07-15 00:00:00'),(12,'Deep Relaxation','Deep Relaxation',NULL,'DRTAUMC','2014-07-15 00:00:00','2014-07-15 00:00:00'),(10,'Deep Relaxation','Deep Relaxation',NULL,'DRTAUMA','2014-07-15 00:00:00','2014-07-15 00:00:00'),(8,'Calming Breath','Calming Breath',NULL,'PRM','2014-07-15 00:00:00','2014-07-15 00:00:00'),(9,'Calming Breath','Calming Breath',NULL,'PRMBLISSA','2014-07-15 00:00:00','2014-07-15 00:00:00'),(7,'Instant Relaxation Breath','Instant Relaxation Breath',NULL,'IRTS','2014-07-15 00:00:00','2014-07-15 00:00:00'),(6,'Instant Relaxation Breath','Instant Relaxation Breath',NULL,'IRTL','2014-07-15 00:00:00','2014-07-15 00:00:00'),(5,'Alternate Nostril Breath','Alternate Nostril Breath',NULL,'NAS','2014-07-15 00:00:00','2014-07-15 00:00:00'),(4,'Energy Wave Breath','Energy Wave Breath',NULL,'NB','2014-07-15 00:00:00','2014-07-15 00:00:00'),(3,'Palm Stretch Breath','Palm Stretch Breath',NULL,'PS','2014-07-15 00:00:00','2014-07-15 00:00:00'),(2,'Hand Stretch Breath','Hand Stretch Breath',NULL,'HS','2014-07-15 00:00:00','2014-07-15 00:00:00'),(1,'Bea Breath','Bee Breath',NULL,'BRM','2014-07-15 00:00:00','2014-07-15 00:00:00');
/*!40000 ALTER TABLE `bt` ENABLE KEYS */;
UNLOCK TABLES;

--
-- Table structure for table `btModule`
--

DROP TABLE IF EXISTS `btModule`;
/*!40101 SET @saved_cs_client     = @@character_set_client */;
/*!40101 SET character_set_client = utf8 */;
CREATE TABLE `btModule` (
  `id` int(10) unsigned NOT NULL AUTO_INCREMENT,
  `breathTechnique` varchar(15) DEFAULT NULL,
  `module` varchar(15) DEFAULT NULL,
  `level` varchar(15) DEFAULT NULL,
  `subLevel` varchar(15) DEFAULT NULL,
  `audioLink` varchar(100) DEFAULT NULL,
  `animationLink` varchar(100) DEFAULT NULL,
  `breathSequence` int(10) DEFAULT NULL,
  `breathCycle` int(10) DEFAULT NULL,
  `ratio` varchar(100) DEFAULT NULL,
  `courseDuration` int(10) DEFAULT NULL,
  `description` text,
  `created` datetime DEFAULT NULL,
  `lastupdated` datetime DEFAULT NULL,
  `nextModule` varchar(100) NOT NULL,
  `nextLevel` varchar(100) NOT NULL,
  PRIMARY KEY (`id`),
  UNIQUE KEY `id` (`id`)
) ENGINE=MyISAM AUTO_INCREMENT=252 DEFAULT CHARSET=latin1 COMMENT='Used to keep track of all Health conditions';
/*!40101 SET character_set_client = @saved_cs_client */;

--
-- Dumping data for table `btModule`
--

LOCK TABLES `btModule` WRITE;
/*!40000 ALTER TABLE `btModule` DISABLE KEYS */;
INSERT INTO `btModule` VALUES (248,'PS','M3','L1',NULL,'https://d3dqhfr9ucdgd1.cloudfront.net/audio/PS M03 L01.mp3','gYid6OiRnCg',5,12,'1.5:3.5',12,'',NULL,NULL,'M3','L2'),(245,'PS','M1','L8',NULL,'https://d3dqhfr9ucdgd1.cloudfront.net/audio/PS M01 L08.mp3','Tx2T45kjMWk',5,14,'2.14:2.14',12,'',NULL,NULL,'M2','L1'),(246,'PS','M2','L1',NULL,'https://d3dqhfr9ucdgd1.cloudfront.net/audio/PS M02 L01.mp3','jCdLld9rGWE',5,14,'1.7:2.55',12,'',NULL,NULL,'M2','L2'),(247,'PS','M2','L2',NULL,'https://d3dqhfr9ucdgd1.cloudfront.net/audio/PS M02 L02.mp3','jCdLld9rGWE',5,12,'2:3',12,'',NULL,NULL,'M2','L3'),(138,'DRTRRB','M1','L8',NULL,'https://d3dqhfr9ucdgd1.cloudfront.net/audio/DRT RR B M01 L08.mp3','rLe-3zPHvuc',5,14,'2.14:2.14',12,'',NULL,NULL,'M2','L1'),(139,'DRTRRB','M2','L1',NULL,'https://d3dqhfr9ucdgd1.cloudfront.net/audio/DRT RR B M02 L01.mp3','rLe-3zPHvuc',5,14,'1.7:2.55',12,'',NULL,NULL,'M2','L2'),(140,'DRTRRB','M2','L2',NULL,'https://d3dqhfr9ucdgd1.cloudfront.net/audio/DRT RR B M02 L02.mp3','rLe-3zPHvuc',5,12,'2:3',12,'',NULL,NULL,'M2','L3'),(141,'DRTRRB','M3','L1',NULL,'https://d3dqhfr9ucdgd1.cloudfront.net/audio/DRT RR B M03 L01.mp3','rLe-3zPHvuc',5,12,'1.5:3.5',12,'',NULL,NULL,'M3','L2'),(142,'DRTRRB','M4','L1',NULL,'https://d3dqhfr9ucdgd1.cloudfront.net/audio/DRT RR B M04 L01.mp3','rLe-3zPHvuc',5,10,'2:4',12,'',NULL,NULL,'M4','L2'),(143,'DRTRRB','M5','L1',NULL,'https://d3dqhfr9ucdgd1.cloudfront.net/audio/DRT RR B M05 L01.mp3','rLe-3zPHvuc',5,8,'2.5:5',12,'',NULL,NULL,'M5','L2'),(144,'DRTRRB','M6','L1',NULL,'https://d3dqhfr9ucdgd1.cloudfront.net/audio/DRT RR B M06 L01.mp3','rLe-3zPHvuc',5,6,'3:7',12,'',NULL,NULL,'M6','L2'),(237,'PRMBLISSA','M1','L6',NULL,'https://d3dqhfr9ucdgd1.cloudfront.net/audio/PRM BLISS A M01 L06.mp3','DHSq9QxZDAo',5,18,'1.7:1.7',12,'',NULL,NULL,'M1','L7'),(236,'PRMBLISSA','M1','L5',NULL,'https://d3dqhfr9ucdgd1.cloudfront.net/audio/PRM BLISS A M01 L05.mp3','DHSq9QxZDAo',5,20,'1.5:1.5',12,'',NULL,NULL,'M1','L6'),(192,'IRT S','M4','L1',NULL,'https://d3dqhfr9ucdgd1.cloudfront.net/audio/DRT AUM C M04 L01.mp3','1k-MeZ4ADvw',5,10,'2:4',12,'',NULL,NULL,'M3','L2'),(190,'IRT L','M6','L1',NULL,'https://d3dqhfr9ucdgd1.cloudfront.net/audio/DRT AUM C M06 L01.mp3','j6Xd5P2L8WA',5,6,'3:7',12,'',NULL,NULL,'M3','L2'),(189,'IRT L','M5','L1',NULL,'https://d3dqhfr9ucdgd1.cloudfront.net/audio/DRT AUM C M05 L01.mp3','j6Xd5P2L8WA',5,8,'2.5:5',12,'',NULL,NULL,'M3','L2'),(188,'IRT L','M4','L1',NULL,'https://d3dqhfr9ucdgd1.cloudfront.net/audio/DRT AUM C M04 L01.mp3','j6Xd5P2L8WA',5,10,'2:4',12,'',NULL,NULL,'M3','L2'),(187,'IRT L','M3','L1',NULL,'https://d3dqhfr9ucdgd1.cloudfront.net/audio/DRT AUM C M03 L01.mp3','j6Xd5P2L8WA',5,12,'1.5:3.5',12,'',NULL,NULL,'M3','L2'),(186,'HS','M6','L1',NULL,'https://d3dqhfr9ucdgd1.cloudfront.net/audio/HS M06 L01.mp3','o0hC16jx2Wg',5,6,'3:7',12,'',NULL,NULL,'M6','L2'),(185,'HS','M5','L1',NULL,'https://d3dqhfr9ucdgd1.cloudfront.net/audio/HS M05 L01.mp3','o0hC16jx2Wg',5,8,'2.5:5',12,'',NULL,NULL,'M5','L2'),(184,'HS','M4','L1',NULL,'https://d3dqhfr9ucdgd1.cloudfront.net/audio/HS M04 L01.mp3','o0hC16jx2Wg',5,10,'2:4',12,'',NULL,NULL,'M4','L2'),(183,'HS','M3','L1',NULL,'https://d3dqhfr9ucdgd1.cloudfront.net/audio/HS M03 L01.mp3','uNYhh0Zpebw',5,12,'1.5:3.5',12,'',NULL,NULL,'M3','L2'),(182,'HS','M2','L2',NULL,'https://d3dqhfr9ucdgd1.cloudfront.net/audio/HS M02 L02.mp3','k11wRBYSQF8',5,12,'2:3',12,'',NULL,NULL,'M2','L3'),(181,'HS','M2','L1',NULL,'https://d3dqhfr9ucdgd1.cloudfront.net/audio/HS M02 L01.mp3','k11wRBYSQF8',5,14,'1.7:2.55',12,'',NULL,NULL,'M2','L2'),(180,'HS','M1','L8',NULL,'https://d3dqhfr9ucdgd1.cloudfront.net/audio/HS M01 L08.mp3','adahV5ONxVc',5,14,'2.14:2.14',12,'',NULL,NULL,'M2','L1'),(179,'HS','M1','L7',NULL,'https://d3dqhfr9ucdgd1.cloudfront.net/audio/HS M01 L07.mp3','adahV5ONxVc',5,16,'1.875:1.875',12,'',NULL,NULL,'M1','L8'),(178,'HS','M1','L6',NULL,'https://d3dqhfr9ucdgd1.cloudfront.net/audio/HS M01 L06.mp3','adahV5ONxVc',5,18,'1.7:1.7',12,'',NULL,NULL,'M1','L7'),(177,'HS','M1','L5',NULL,'https://d3dqhfr9ucdgd1.cloudfront.net/audio/HS M01 L05.mp3','adahV5ONxVc',5,20,'1.5:1.5',12,'',NULL,NULL,'M1','L6'),(176,'HS','M1','L4',NULL,'https://d3dqhfr9ucdgd1.cloudfront.net/audio/HS M01 L04.mp3','adahV5ONxVc',5,22,'1.35:1.35',12,'',NULL,NULL,'M1','L5'),(175,'HS','M1','L3',NULL,'https://d3dqhfr9ucdgd1.cloudfront.net/audio/HS M01 L03.mp3','adahV5ONxVc',5,24,'1.25:1.25',12,'',NULL,NULL,'M1','L4'),(174,'HS','M1','L2',NULL,'https://d3dqhfr9ucdgd1.cloudfront.net/audio/HS M01 L02.mp3','adahV5ONxVc',5,26,'1.15:1.15',12,'',NULL,NULL,'M1','L3'),(173,'HS','M1','L1',NULL,'https://d3dqhfr9ucdgd1.cloudfront.net/audio/HS M01 L01.mp3','adahV5ONxVc',5,28,'1.07:1.07',12,'',NULL,NULL,'M1','L2'),(172,'DRTRRD','M6','L1',NULL,'https://d3dqhfr9ucdgd1.cloudfront.net/audio/DRT RR D M06 L01.mp3','9WYLR4kVJiM',5,6,'3:7',12,'',NULL,NULL,'M6','L2'),(171,'DRTRRD','M5','L1',NULL,'https://d3dqhfr9ucdgd1.cloudfront.net/audio/DRT RR D M05 L01.mp3','9WYLR4kVJiM',5,8,'2.5:5',12,'',NULL,NULL,'M5','L2'),(170,'DRTRRD','M4','L1',NULL,'https://d3dqhfr9ucdgd1.cloudfront.net/audio/DRT RR D M04 L01.mp3','9WYLR4kVJiM',5,10,'2:4',12,'',NULL,NULL,'M4','L2'),(169,'DRTRRD','M3','L1',NULL,'https://d3dqhfr9ucdgd1.cloudfront.net/audio/DRT RR D M03 L01.mp3','9WYLR4kVJiM',5,12,'1.5:3.5',12,'',NULL,NULL,'M3','L2'),(168,'DRTRRD','M2','L2',NULL,'https://d3dqhfr9ucdgd1.cloudfront.net/audio/DRT RR D M02 L02.mp3','9WYLR4kVJiM',5,12,'2:3',12,'',NULL,NULL,'M2','L3'),(167,'DRTRRD','M2','L1',NULL,'https://d3dqhfr9ucdgd1.cloudfront.net/audio/DRT RR D M02 L01.mp3','9WYLR4kVJiM',5,14,'1.7:2.55',12,'',NULL,NULL,'M2','L2'),(166,'DRTRRD','M1','L8',NULL,'https://d3dqhfr9ucdgd1.cloudfront.net/audio/DRT RR D M01 L08.mp3','9WYLR4kVJiM',5,14,'2.14:2.14',12,'',NULL,NULL,'M2','L1'),(165,'DRTRRD','M1','L7',NULL,'https://d3dqhfr9ucdgd1.cloudfront.net/audio/DRT RR D M01 L07.mp3','9WYLR4kVJiM',5,16,'1.875:1.875',12,'',NULL,NULL,'M1','L8'),(164,'DRTRRD','M1','L6',NULL,'https://d3dqhfr9ucdgd1.cloudfront.net/audio/DRT RR D M01 L06.mp3','9WYLR4kVJiM',5,18,'1.7:1.7',12,'',NULL,NULL,'M1','L7'),(163,'DRTRRD','M1','L5',NULL,'https://d3dqhfr9ucdgd1.cloudfront.net/audio/DRT RR D M01 L05.mp3','9WYLR4kVJiM',5,20,'1.5:1.5',12,'',NULL,NULL,'M1','L6'),(162,'DRTRRD','M1','L4',NULL,'https://d3dqhfr9ucdgd1.cloudfront.net/audio/DRT RR 28.mp3','q7YBopdeLnc',5,22,'1.35:1.35',12,'',NULL,NULL,'M1','L5'),(159,'DRTRRD','M1','L1',NULL,'https://d3dqhfr9ucdgd1.cloudfront.net/audio/DRT RR 28.mp3','q7YBopdeLnc',5,28,'1.07:1.07',12,'',NULL,NULL,'M1','L2'),(160,'DRTRRD','M1','L2',NULL,'https://d3dqhfr9ucdgd1.cloudfront.net/audio/DRT RR 28.mp3','q7YBopdeLnc',5,26,'1.15:1.15',12,'',NULL,NULL,'M1','L3'),(158,'DRTRRC','M6','L1',NULL,'https://d3dqhfr9ucdgd1.cloudfront.net/audio/DRT RR C M06 L01.mp3','mPnQvcHkdVY',5,6,'3:7',12,'',NULL,NULL,'M6','L2'),(205,'MSRT','M3','L1',NULL,'https://d3dqhfr9ucdgd1.cloudfront.net/audio/MSRT M03 L01.mp3','bk-odVMxCw0',5,12,'1.5:3.5',12,'',NULL,NULL,'M3','L2'),(206,'MSRT','M4','L1',NULL,'https://d3dqhfr9ucdgd1.cloudfront.net/audio/MSRT M04 L01.mp3','bk-odVMxCw0',5,10,'2:4',12,'',NULL,NULL,'M4','L2'),(156,'DRTRRC','M4','L1',NULL,'https://d3dqhfr9ucdgd1.cloudfront.net/audio/DRT RR C M04 L01.mp3','mPnQvcHkdVY',5,10,'2:4',12,'',NULL,NULL,'M4','L2'),(198,'MSRT','M1','L4',NULL,'https://d3dqhfr9ucdgd1.cloudfront.net/audio/MSRT M01 L04.mp3','i87fk-RFir4',5,22,'1.35:1.35',12,'',NULL,NULL,'M1','L5'),(197,'MSRT','M1','L3',NULL,'https://d3dqhfr9ucdgd1.cloudfront.net/audio/MSRT M01 L03.mp3','i87fk-RFir4',5,24,'1.25:1.25',12,'',NULL,NULL,'M1','L4'),(154,'DRTRRC','M2','L2',NULL,'https://d3dqhfr9ucdgd1.cloudfront.net/audio/DRT RR C M02 L02.mp3','mPnQvcHkdVY',5,12,'2:3',12,'',NULL,NULL,'M2','L3'),(196,'MSRT','M1','L2',NULL,'https://d3dqhfr9ucdgd1.cloudfront.net/audio/MSRT M01 L02.mp3','i87fk-RFir4',5,26,'1.15:1.15',12,'',NULL,NULL,'M1','L3'),(150,'DRTRRC','M1','L6',NULL,'https://d3dqhfr9ucdgd1.cloudfront.net/audio/DRT RR C M01 L06.mp3','mPnQvcHkdVY',5,18,'1.7:1.7',12,'',NULL,NULL,'M1','L7'),(148,'DRTRRC','M1','L4',NULL,'https://d3dqhfr9ucdgd1.cloudfront.net/audio/DRT RR 28.mp3','q7YBopdeLnc',5,22,'1.35:1.35',12,'',NULL,NULL,'M1','L5'),(195,'MSRT','M1','L1',NULL,'https://d3dqhfr9ucdgd1.cloudfront.net/audio/MSRT M01 L01.mp3','i87fk-RFir4',5,28,'1.07:1.07',12,'',NULL,NULL,'M1','L2'),(193,'IRT S','M5','L1',NULL,'https://d3dqhfr9ucdgd1.cloudfront.net/audio/DRT AUM C M05 L01.mp3','1k-MeZ4ADvw',5,8,'2.5:5',12,'',NULL,NULL,'M3','L2'),(145,'DRTRRC','M1','L1',NULL,'https://d3dqhfr9ucdgd1.cloudfront.net/audio/DRT RR 28.mp3','q7YBopdeLnc',5,28,'1.07:1.07',12,'',NULL,NULL,'M1','L2'),(244,'PS','M1','L7',NULL,'https://d3dqhfr9ucdgd1.cloudfront.net/audio/PS M01 L07.mp3','Tx2T45kjMWk',5,20,'2:2',12,'',NULL,NULL,'M1','L8'),(243,'PS','M1','L6',NULL,'https://d3dqhfr9ucdgd1.cloudfront.net/audio/PS M01 L06.mp3','Tx2T45kjMWk',5,18,'1.7:1.7',12,'',NULL,NULL,'M1','L7'),(242,'PS','M1','L5',NULL,'https://d3dqhfr9ucdgd1.cloudfront.net/audio/PS M01 L05.mp3','Tx2T45kjMWk',5,20,'1.5:1.5',12,'',NULL,NULL,'M1','L6'),(241,'PS','M1','L4',NULL,'https://d3dqhfr9ucdgd1.cloudfront.net/audio/PS M01 L04.mp3','Tx2T45kjMWk',5,22,'1.35:1.35',12,'',NULL,NULL,'M1','L5'),(240,'PS','M1','L3',NULL,'https://d3dqhfr9ucdgd1.cloudfront.net/audio/PS M01 L03.mp3','Tx2T45kjMWk',5,24,'1.25:1.25',12,'',NULL,NULL,'M1','L4'),(239,'PS','M1','L2',NULL,'https://d3dqhfr9ucdgd1.cloudfront.net/audio/PS M01 L02.mp3','Tx2T45kjMWk',5,26,'1.15:1.15',12,'',NULL,NULL,'M1','L3'),(238,'PS','M1','L1',NULL,'https://d3dqhfr9ucdgd1.cloudfront.net/audio/PS M01 L01.mp3','Tx2T45kjMWk',5,28,'1.07:1.07',12,'',NULL,NULL,'M1','L2'),(235,'PRMBLISSA','M1','L4',NULL,'https://d3dqhfr9ucdgd1.cloudfront.net/audio/PRM BLISS A M01 L04.mp3','DHSq9QxZDAo',5,22,'1.35:1.35',12,'',NULL,NULL,'M1','L5'),(234,'PRM','M3','L1',NULL,'https://d3dqhfr9ucdgd1.cloudfront.net/audio/PRM M03 L01.mp3','RaMPrmuyFUM',5,12,'1.5:3.5',12,'',NULL,NULL,'M3','L2'),(233,'PRM','M2','L2',NULL,'https://d3dqhfr9ucdgd1.cloudfront.net/audio/PRM M02 L02.mp3','RaMPrmuyFUM',5,12,'2:3',12,'',NULL,NULL,'M2','L3'),(232,'NB','M6','L1',NULL,'https://d3dqhfr9ucdgd1.cloudfront.net/audio/NB M06 L01.mp3','jJyYgbrk7sQ',5,6,'3:7',12,'',NULL,NULL,'M6','L2'),(231,'NB','M5','L1',NULL,'https://d3dqhfr9ucdgd1.cloudfront.net/audio/NB M05 L01.mp3','jJyYgbrk7sQ',5,8,'2.5:5',12,'',NULL,NULL,'M5','L2'),(230,'NB','M4','L1',NULL,'https://d3dqhfr9ucdgd1.cloudfront.net/audio/NB M04 L01.mp3','jJyYgbrk7sQ',5,10,'2:4',12,'',NULL,NULL,'M4','L2'),(229,'NB','M3','L1',NULL,'https://d3dqhfr9ucdgd1.cloudfront.net/audio/NB M03 L01.mp3','jJyYgbrk7sQ',5,12,'1.5:3.5',12,'',NULL,NULL,'M3','L2'),(228,'NB','M2','L2',NULL,'https://d3dqhfr9ucdgd1.cloudfront.net/audio/NB M02 L02.mp3','a0KuRgI8fPc',5,12,'2:3',12,'',NULL,NULL,'M2','L3'),(227,'NB','M2','L1',NULL,'https://d3dqhfr9ucdgd1.cloudfront.net/audio/NB M02 L01.mp3','a0KuRgI8fPc',5,14,'1.7:2.55',12,'',NULL,NULL,'M2','L2'),(226,'NB','M1','L8',NULL,'https://d3dqhfr9ucdgd1.cloudfront.net/audio/NB M01 L08.mp3','5RS985vPbsU',5,14,'2.14:2.14',12,'',NULL,NULL,'M2','L1'),(225,'NB','M1','L7',NULL,'https://d3dqhfr9ucdgd1.cloudfront.net/audio/NB M01 L07.mp3','5RS985vPbsU',5,16,'1.875:1.875',12,'',NULL,NULL,'M1','L8'),(224,'NB','M1','L6',NULL,'https://d3dqhfr9ucdgd1.cloudfront.net/audio/NB M01 L06.mp3','5RS985vPbsU',5,18,'1.7:1.7',12,'',NULL,NULL,'M1','L7'),(223,'NB','M1','L5',NULL,'https://d3dqhfr9ucdgd1.cloudfront.net/audio/NB M01 L05.mp3','5RS985vPbsU',5,20,'1.5:1.5',12,'',NULL,NULL,'M1','L6'),(222,'NB','M1','L4',NULL,'https://d3dqhfr9ucdgd1.cloudfront.net/audio/NB M01 L04.mp3','5RS985vPbsU',5,22,'1.35:1.35',12,'',NULL,NULL,'M1','L5'),(221,'NB','M1','L3',NULL,'https://d3dqhfr9ucdgd1.cloudfront.net/audio/NB M01 L03.mp3','5RS985vPbsU',5,24,'1.25:1.25',12,'',NULL,NULL,'M1','L4'),(220,'NB','M1','L2',NULL,'https://d3dqhfr9ucdgd1.cloudfront.net/audio/NB M01 L02.mp3','5RS985vPbsU',5,26,'1.15:1.15',12,'',NULL,NULL,'M1','L3'),(219,'NB','M1','L1',NULL,'https://d3dqhfr9ucdgd1.cloudfront.net/audio/NB M01 L01.mp3','5RS985vPbsU',5,28,'1.07:1.07',12,'',NULL,NULL,'M1','L2'),(218,'NAS','M6','L1',NULL,'https://d3dqhfr9ucdgd1.cloudfront.net/audio/NAS M06 L01.mp3','qgAgfLo6MtQ',5,6,'3:7',12,'',NULL,NULL,'M6','L2'),(217,'NAS','M5','L1',NULL,'https://d3dqhfr9ucdgd1.cloudfront.net/audio/NAS M05 L01.mp3','qgAgfLo6MtQ',5,8,'2.5:5',12,'',NULL,NULL,'M5','L2'),(216,'NAS','M4','L1',NULL,'https://d3dqhfr9ucdgd1.cloudfront.net/audio/NAS M04 L01.mp3','qgAgfLo6MtQ',5,10,'2:4',12,'',NULL,NULL,'M4','L2'),(215,'NAS','M3','L1',NULL,'https://d3dqhfr9ucdgd1.cloudfront.net/audio/NAS M03 L01.mp3','qgAgfLo6MtQ',5,12,'1.5:3.5',12,'',NULL,NULL,'M3','L2'),(214,'NAS','M2','L2',NULL,'https://d3dqhfr9ucdgd1.cloudfront.net/audio/NAS M02 L02.mp3','yRrY-3g8374',5,12,'2:3',12,'',NULL,NULL,'M2','L3'),(213,'NAS','M2','L1',NULL,'https://d3dqhfr9ucdgd1.cloudfront.net/audio/NAS M02 L01.mp3','yRrY-3g8374',5,14,'1.7:2.55',12,'',NULL,NULL,'M2','L2'),(212,'NAS','M1','L8',NULL,'https://d3dqhfr9ucdgd1.cloudfront.net/audio/NAS M01 L08.mp3','FJPugjjgLVQ',5,14,'2.14:2.14',12,'',NULL,NULL,'M2','L1'),(211,'NAS','M1','L7',NULL,'https://d3dqhfr9ucdgd1.cloudfront.net/audio/NAS M01 L07.mp3','FJPugjjgLVQ',5,16,'1.875:1.875',12,'',NULL,NULL,'M1','L8'),(210,'NAS','M1','L6',NULL,'https://d3dqhfr9ucdgd1.cloudfront.net/audio/NAS M01 L06.mp3','FJPugjjgLVQ',5,18,'1.7:1.7',12,'',NULL,NULL,'M1','L7'),(209,'NAS','M1','L5',NULL,'https://d3dqhfr9ucdgd1.cloudfront.net/audio/NAS M01 L05.mp3','FJPugjjgLVQ',5,20,'1.5:1.5',12,'',NULL,NULL,'M1','L6'),(208,'MSRT','M6','L1',NULL,'https://d3dqhfr9ucdgd1.cloudfront.net/audio/MSRT M06 L01.mp3','bk-odVMxCw0',5,6,'3:7',12,'',NULL,NULL,'M6','L2'),(207,'MSRT','M5','L1',NULL,'https://d3dqhfr9ucdgd1.cloudfront.net/audio/MSRT M05 L01.mp3','bk-odVMxCw0',5,8,'2.5:5',12,'',NULL,NULL,'M5','L2'),(191,'IRT S','M3','L1',NULL,'https://d3dqhfr9ucdgd1.cloudfront.net/audio/DRT AUM C M03 L01.mp3','1k-MeZ4ADvw',5,12,'1.5:3.5',12,'',NULL,NULL,'M3','L2'),(161,'DRTRRD','M1','L3',NULL,'https://d3dqhfr9ucdgd1.cloudfront.net/audio/DRT RR 28.mp3','q7YBopdeLnc',5,24,'1.25:1.25',12,'',NULL,NULL,'M1','L4'),(157,'DRTRRC','M5','L1',NULL,'https://d3dqhfr9ucdgd1.cloudfront.net/audio/DRT RR C M05 L01.mp3','mPnQvcHkdVY',5,8,'2.5:5',12,'',NULL,NULL,'M5','L2'),(204,'MSRT','M2','L2',NULL,'https://d3dqhfr9ucdgd1.cloudfront.net/audio/MSRT M02 L02.mp3','qDoNkoetDig',5,12,'2:3',12,'',NULL,NULL,'M2','L3'),(203,'MSRT','M2','L1',NULL,'https://d3dqhfr9ucdgd1.cloudfront.net/audio/MSRT M02 L01.mp3','qDoNkoetDig',5,14,'1.7:2.55',12,'',NULL,NULL,'M2','L2'),(202,'MSRT','M1','L8',NULL,'https://d3dqhfr9ucdgd1.cloudfront.net/audio/MSRT M01 L08.mp3','i87fk-RFir4',5,14,'2.14:2.14',12,'',NULL,NULL,'M2','L1'),(201,'MSRT','M1','L7',NULL,'https://d3dqhfr9ucdgd1.cloudfront.net/audio/MSRT M01 L07.mp3','i87fk-RFir4',5,16,'1.875:1.875',12,'',NULL,NULL,'M1','L8'),(200,'MSRT','M1','L6',NULL,'https://d3dqhfr9ucdgd1.cloudfront.net/audio/MSRT M01 L06.mp3','i87fk-RFir4',5,18,'1.7:1.7',12,'',NULL,NULL,'M1','L7'),(155,'DRTRRC','M3','L1',NULL,'https://d3dqhfr9ucdgd1.cloudfront.net/audio/DRT RR C M03 L01.mp3','mPnQvcHkdVY',5,12,'1.5:3.5',12,'',NULL,NULL,'M3','L2'),(199,'MSRT','M1','L5',NULL,'https://d3dqhfr9ucdgd1.cloudfront.net/audio/MSRT M01 L05.mp3','i87fk-RFir4',5,20,'1.5:1.5',12,'',NULL,NULL,'M1','L6'),(152,'DRTRRC','M1','L8',NULL,'https://d3dqhfr9ucdgd1.cloudfront.net/audio/DRT RR C M01 L08.mp3','mPnQvcHkdVY',5,14,'2.14:2.14',12,'',NULL,NULL,'M2','L1'),(153,'DRTRRC','M2','L1',NULL,'https://d3dqhfr9ucdgd1.cloudfront.net/audio/DRT RR C M02 L01.mp3','mPnQvcHkdVY',5,14,'1.7:2.55',12,'',NULL,NULL,'M2','L2'),(151,'DRTRRC','M1','L7',NULL,'https://d3dqhfr9ucdgd1.cloudfront.net/audio/DRT RR C M01 L07.mp3','mPnQvcHkdVY',5,16,'1.875:1.875',12,'',NULL,NULL,'M1','L8'),(149,'DRTRRC','M1','L5',NULL,'https://d3dqhfr9ucdgd1.cloudfront.net/audio/DRT RR C M01 L05.mp3','mPnQvcHkdVY',5,20,'1.5:1.5',12,'',NULL,NULL,'M1','L6'),(194,'IRT S','M6','L1',NULL,'https://d3dqhfr9ucdgd1.cloudfront.net/audio/DRT AUM C M06 L01.mp3','1k-MeZ4ADvw',5,6,'3:7',12,'',NULL,NULL,'M3','L2'),(146,'DRTRRC','M1','L2',NULL,'https://d3dqhfr9ucdgd1.cloudfront.net/audio/DRT RR 28.mp3','q7YBopdeLnc',5,26,'1.15:1.15',12,'',NULL,NULL,'M1','L3'),(147,'DRTRRC','M1','L3',NULL,'https://d3dqhfr9ucdgd1.cloudfront.net/audio/DRT RR 28.mp3','q7YBopdeLnc',5,24,'1.25:1.25',12,'',NULL,NULL,'M1','L4'),(137,'DRTRRB','M1','L7',NULL,'https://d3dqhfr9ucdgd1.cloudfront.net/audio/DRT RR B M01 L07.mp3','rLe-3zPHvuc',5,16,'1.875:1.875',12,'',NULL,NULL,'M1','L8'),(136,'DRTRRB','M1','L6',NULL,'https://d3dqhfr9ucdgd1.cloudfront.net/audio/DRT RR B M01 L06.mp3','rLe-3zPHvuc',5,18,'1.7:1.7',12,'',NULL,NULL,'M1','L7'),(135,'DRTRRB','M1','L5',NULL,'https://d3dqhfr9ucdgd1.cloudfront.net/audio/DRT RR B M01 L05.mp3','rLe-3zPHvuc',5,20,'1.5:1.5',12,'',NULL,NULL,'M1','L6'),(134,'DRTRRB','M1','L4',NULL,'https://d3dqhfr9ucdgd1.cloudfront.net/audio/DRT RR 28.mp3','q7YBopdeLnc',5,22,'1.35:1.35',12,'',NULL,NULL,'M1','L5'),(133,'DRTRRB','M1','L3',NULL,'https://d3dqhfr9ucdgd1.cloudfront.net/audio/DRT RR 28.mp3','q7YBopdeLnc',5,24,'1.25:1.25',12,'',NULL,NULL,'M1','L4'),(132,'DRTRRB','M1','L2',NULL,'https://d3dqhfr9ucdgd1.cloudfront.net/audio/DRT RR 28.mp3','q7YBopdeLnc',5,26,'1.15:1.15',12,'',NULL,NULL,'M1','L3'),(131,'DRTRRB','M1','L1',NULL,'https://d3dqhfr9ucdgd1.cloudfront.net/audio/DRT RR 28.mp3','q7YBopdeLnc',5,28,'1.07:1.07',12,'',NULL,NULL,'M1','L2'),(130,'DRTRRA','M6','L1',NULL,'https://d3dqhfr9ucdgd1.cloudfront.net/audio/DRT RR A M06 L01.mp3','0To0W3ZdjTY',5,6,'3:7',12,'',NULL,NULL,'M6','L2'),(128,'DRTRRA','M4','L1',NULL,'https://d3dqhfr9ucdgd1.cloudfront.net/audio/DRT RR A M04 L01.mp3','0To0W3ZdjTY',5,10,'2:4',12,'',NULL,NULL,'M4','L2'),(129,'DRTRRA','M5','L1',NULL,'https://d3dqhfr9ucdgd1.cloudfront.net/audio/DRT RR A M05 L01.mp3','0To0W3ZdjTY',5,8,'2.5:5',12,'',NULL,NULL,'M5','L2'),(127,'DRTRRA','M3','L1',NULL,'https://d3dqhfr9ucdgd1.cloudfront.net/audio/DRT RR A M03 L01.mp3','0To0W3ZdjTY',5,12,'1.5:3.5',12,'',NULL,NULL,'M3','L2'),(125,'DRTRRA','M2','L1',NULL,'https://d3dqhfr9ucdgd1.cloudfront.net/audio/DRT RR A M02 L01.mp3','0To0W3ZdjTY',5,14,'1.7:2.55',12,'',NULL,NULL,'M2','L2'),(126,'DRTRRA','M2','L2',NULL,'https://d3dqhfr9ucdgd1.cloudfront.net/audio/DRT RR A M02 L02.mp3','0To0W3ZdjTY',5,12,'2:3',12,'',NULL,NULL,'M2','L3'),(124,'DRTRRA','M1','L8',NULL,'https://d3dqhfr9ucdgd1.cloudfront.net/audio/DRT RR A M01 L08.mp3','0To0W3ZdjTY',5,14,'2.14:2.14',12,'',NULL,NULL,'M2','L1'),(122,'DRTRRA','M1','L6',NULL,'https://d3dqhfr9ucdgd1.cloudfront.net/audio/DRT RR A M01 L06.mp3','0To0W3ZdjTY',5,18,'1.7:1.7',12,'',NULL,NULL,'M1','L7'),(123,'DRTRRA','M1','L7',NULL,'https://d3dqhfr9ucdgd1.cloudfront.net/audio/DRT RR A M01 L07.mp3','0To0W3ZdjTY',5,16,'1.875:1.875',12,'',NULL,NULL,'M1','L8'),(121,'DRTRRA','M1','L5',NULL,'https://d3dqhfr9ucdgd1.cloudfront.net/audio/DRT RR A M01 L05.mp3','0To0W3ZdjTY',5,20,'1.5:1.5',12,'',NULL,NULL,'M1','L6'),(120,'DRTRRA','M1','L4',NULL,'https://d3dqhfr9ucdgd1.cloudfront.net/audio/DRT RR 28.mp3','q7YBopdeLnc',5,22,'1.35:1.35',12,'',NULL,NULL,'M1','L5'),(119,'DRTRRA','M1','L3',NULL,'https://d3dqhfr9ucdgd1.cloudfront.net/audio/DRT RR 28.mp3','q7YBopdeLnc',5,24,'1.25:1.25',12,'',NULL,NULL,'M1','L4'),(117,'DRTRRA','M1','L1',NULL,'https://d3dqhfr9ucdgd1.cloudfront.net/audio/DRT RR 28.mp3','q7YBopdeLnc',5,28,'1.07:1.07',12,'',NULL,NULL,'M1','L2'),(118,'DRTRRA','M1','L2',NULL,'https://d3dqhfr9ucdgd1.cloudfront.net/audio/DRT RR 28.mp3','q7YBopdeLnc',5,26,'1.15:1.15',12,'',NULL,NULL,'M1','L3'),(116,'DRTPRD','M6','L1',NULL,'https://d3dqhfr9ucdgd1.cloudfront.net/audio/DRT PR D M06 L01.mp3','9WYLR4kVJiM',5,6,'3:7',12,'',NULL,NULL,'M6','L2'),(115,'DRTPRD','M5','L1',NULL,'https://d3dqhfr9ucdgd1.cloudfront.net/audio/DRT PR D M05 L01.mp3','9WYLR4kVJiM',5,8,'2.5:5',12,'',NULL,NULL,'M5','L2'),(113,'DRTPRD','M3','L1',NULL,'https://d3dqhfr9ucdgd1.cloudfront.net/audio/DRT PR D M03 L01.mp3','9WYLR4kVJiM',5,12,'1.5:3.5',12,'',NULL,NULL,'M3','L2'),(114,'DRTPRD','M4','L1',NULL,'https://d3dqhfr9ucdgd1.cloudfront.net/audio/DRT PR D M04 L01.mp3','9WYLR4kVJiM',5,10,'2:4',12,'',NULL,NULL,'M4','L2'),(112,'DRTPRD','M2','L2',NULL,'https://d3dqhfr9ucdgd1.cloudfront.net/audio/DRT PR D M02 L02.mp3','9WYLR4kVJiM',5,12,'2:3',12,'',NULL,NULL,'M2','L3'),(110,'DRTPRD','M1','L8',NULL,'https://d3dqhfr9ucdgd1.cloudfront.net/audio/DRT PR D M01 L08.mp3','9WYLR4kVJiM',5,14,'2.14:2.14',12,'',NULL,NULL,'M2','L1'),(111,'DRTPRD','M2','L1',NULL,'https://d3dqhfr9ucdgd1.cloudfront.net/audio/DRT PR D M02 L01.mp3','9WYLR4kVJiM',5,14,'1.7:2.55',12,'',NULL,NULL,'M2','L2'),(109,'DRTPRD','M1','L7',NULL,'https://d3dqhfr9ucdgd1.cloudfront.net/audio/DRT PR D M01 L07.mp3','9WYLR4kVJiM',5,16,'1.875:1.875',12,'',NULL,NULL,'M1','L8'),(107,'DRTPRD','M1','L5',NULL,'https://d3dqhfr9ucdgd1.cloudfront.net/audio/DRT PR D M01 L05.mp3','9WYLR4kVJiM',5,20,'1.5:1.5',12,'',NULL,NULL,'M1','L6'),(108,'DRTPRD','M1','L6',NULL,'https://d3dqhfr9ucdgd1.cloudfront.net/audio/DRT PR D M01 L06.mp3','9WYLR4kVJiM',5,18,'1.7:1.7',12,'',NULL,NULL,'M1','L7'),(106,'DRTPRD','M1','L4',NULL,'https://d3dqhfr9ucdgd1.cloudfront.net/audio/DRT PR 28.mp3','q7YBopdeLnc',5,22,'1.35:1.35',12,'',NULL,NULL,'M1','L5'),(105,'DRTPRD','M1','L3',NULL,'https://d3dqhfr9ucdgd1.cloudfront.net/audio/DRT PR 28.mp3','q7YBopdeLnc',5,24,'1.25:1.25',12,'',NULL,NULL,'M1','L4'),(103,'DRTPRD','M1','L1',NULL,'https://d3dqhfr9ucdgd1.cloudfront.net/audio/DRT PR 28.mp3','q7YBopdeLnc',5,28,'1.07:1.07',12,'',NULL,NULL,'M1','L2'),(104,'DRTPRD','M1','L2',NULL,'https://d3dqhfr9ucdgd1.cloudfront.net/audio/DRT PR 28.mp3','q7YBopdeLnc',5,26,'1.15:1.15',12,'',NULL,NULL,'M1','L3'),(102,'DRTPRC','M6','L1',NULL,'https://d3dqhfr9ucdgd1.cloudfront.net/audio/DRT PR C M06 L01.mp3','mPnQvcHkdVY',5,6,'3:7',12,'',NULL,NULL,'M6','L2'),(101,'DRTPRC','M5','L1',NULL,'https://d3dqhfr9ucdgd1.cloudfront.net/audio/DRT PR C M05 L01.mp3','mPnQvcHkdVY',5,8,'2.5:5',12,'',NULL,NULL,'M5','L2'),(100,'DRTPRC','M4','L1',NULL,'https://d3dqhfr9ucdgd1.cloudfront.net/audio/DRT PR C M04 L01.mp3','mPnQvcHkdVY',5,10,'2:4',12,'',NULL,NULL,'M4','L2'),(99,'DRTPRC','M3','L1',NULL,'https://d3dqhfr9ucdgd1.cloudfront.net/audio/DRT PR C M03 L01.mp3','mPnQvcHkdVY',5,12,'1.5:3.5',12,'',NULL,NULL,'M3','L2'),(98,'DRTPRC','M2','L2',NULL,'https://d3dqhfr9ucdgd1.cloudfront.net/audio/DRT PR C M02 L02.mp3','mPnQvcHkdVY',5,12,'2:3',12,'',NULL,NULL,'M2','L3'),(96,'DRTPRC','M1','L8',NULL,'https://d3dqhfr9ucdgd1.cloudfront.net/audio/DRT PR C M01 L08.mp3','mPnQvcHkdVY',5,14,'2.14:2.14',12,'',NULL,NULL,'M2','L1'),(97,'DRTPRC','M2','L1',NULL,'https://d3dqhfr9ucdgd1.cloudfront.net/audio/DRT PR C M02 L01.mp3','mPnQvcHkdVY',5,14,'1.7:2.55',12,'',NULL,NULL,'M2','L2'),(95,'DRTPRC','M1','L7',NULL,'https://d3dqhfr9ucdgd1.cloudfront.net/audio/DRT PR C M01 L07.mp3','mPnQvcHkdVY',5,16,'1.875:1.875',12,'',NULL,NULL,'M1','L8'),(93,'DRTPRC','M1','L5',NULL,'https://d3dqhfr9ucdgd1.cloudfront.net/audio/DRT PR C M01 L05.mp3','mPnQvcHkdVY',5,20,'1.5:1.5',12,'',NULL,NULL,'M1','L6'),(94,'DRTPRC','M1','L6',NULL,'https://d3dqhfr9ucdgd1.cloudfront.net/audio/DRT PR C M01 L06.mp3','mPnQvcHkdVY',5,18,'1.7:1.7',12,'',NULL,NULL,'M1','L7'),(92,'DRTPRC','M1','L4',NULL,'https://d3dqhfr9ucdgd1.cloudfront.net/audio/DRT PR 28.mp3','q7YBopdeLnc',5,22,'1.35:1.35',12,'',NULL,NULL,'M1','L5'),(90,'DRTPRC','M1','L2',NULL,'https://d3dqhfr9ucdgd1.cloudfront.net/audio/DRT PR 28.mp3','q7YBopdeLnc',5,26,'1.15:1.15',12,'',NULL,NULL,'M1','L3'),(91,'DRTPRC','M1','L3',NULL,'https://d3dqhfr9ucdgd1.cloudfront.net/audio/DRT PR 28.mp3','q7YBopdeLnc',5,24,'1.25:1.25',12,'',NULL,NULL,'M1','L4'),(89,'DRTPRC','M1','L1',NULL,'https://d3dqhfr9ucdgd1.cloudfront.net/audio/DRT PR 28.mp3','q7YBopdeLnc',5,28,'1.07:1.07',12,'',NULL,NULL,'M1','L2'),(87,'DRTPRB','M5','L1',NULL,'https://d3dqhfr9ucdgd1.cloudfront.net/audio/DRT PR B M05 L01.mp3','rLe-3zPHvuc',5,8,'2.5:5',12,'',NULL,NULL,'M5','L2'),(88,'DRTPRB','M6','L1',NULL,'https://d3dqhfr9ucdgd1.cloudfront.net/audio/DRT PR B M06 L01.mp3','rLe-3zPHvuc',5,6,'3:7',12,'',NULL,NULL,'M6','L2'),(86,'DRTPRB','M4','L1',NULL,'https://d3dqhfr9ucdgd1.cloudfront.net/audio/DRT PR B M04 L01.mp3','rLe-3zPHvuc',5,10,'2:4',12,'',NULL,NULL,'M4','L2'),(84,'DRTPRB','M2','L2',NULL,'https://d3dqhfr9ucdgd1.cloudfront.net/audio/DRT PR B M02 L02.mp3','rLe-3zPHvuc',5,12,'2:3',12,'',NULL,NULL,'M2','L3'),(85,'DRTPRB','M3','L1',NULL,'https://d3dqhfr9ucdgd1.cloudfront.net/audio/DRT PR B M03 L01.mp3','rLe-3zPHvuc',5,12,'1.5:3.5',12,'',NULL,NULL,'M3','L2'),(82,'DRTPRB','M1','L8',NULL,'https://d3dqhfr9ucdgd1.cloudfront.net/audio/DRT PR B M01 L08.mp3','rLe-3zPHvuc',5,14,'2.14:2.14',12,'',NULL,NULL,'M2','L1'),(83,'DRTPRB','M2','L1',NULL,'https://d3dqhfr9ucdgd1.cloudfront.net/audio/DRT PR B M02 L01.mp3','rLe-3zPHvuc',5,14,'1.7:2.55',12,'',NULL,NULL,'M2','L2'),(80,'DRTPRB','M1','L6',NULL,'https://d3dqhfr9ucdgd1.cloudfront.net/audio/DRT PR B M01 L06.mp3','rLe-3zPHvuc',5,18,'1.7:1.7',12,'',NULL,NULL,'M1','L7'),(81,'DRTPRB','M1','L7',NULL,'https://d3dqhfr9ucdgd1.cloudfront.net/audio/DRT PR B M01 L07.mp3','rLe-3zPHvuc',5,16,'1.875:1.875',12,'',NULL,NULL,'M1','L8'),(79,'DRTPRB','M1','L5',NULL,'https://d3dqhfr9ucdgd1.cloudfront.net/audio/DRT PR B M01 L05.mp3','rLe-3zPHvuc',5,20,'1.5:1.5',12,'',NULL,NULL,'M1','L6'),(77,'DRTPRB','M1','L3',NULL,'https://d3dqhfr9ucdgd1.cloudfront.net/audio/DRT PR 28.mp3','q7YBopdeLnc',5,24,'1.25:1.25',12,'',NULL,NULL,'M1','L4'),(78,'DRTPRB','M1','L4',NULL,'https://d3dqhfr9ucdgd1.cloudfront.net/audio/DRT PR 28.mp3','q7YBopdeLnc',5,22,'1.35:1.35',12,'',NULL,NULL,'M1','L5'),(76,'DRTPRB','M1','L2',NULL,'https://d3dqhfr9ucdgd1.cloudfront.net/audio/DRT PR 28.mp3','q7YBopdeLnc',5,26,'1.15:1.15',12,'',NULL,NULL,'M1','L3'),(74,'DRTPRA','M6','L1',NULL,'https://d3dqhfr9ucdgd1.cloudfront.net/audio/DRT PR A M06 L01.mp3','0To0W3ZdjTY',5,6,'3:7',12,'',NULL,NULL,'M6','L2'),(75,'DRTPRB','M1','L1',NULL,'https://d3dqhfr9ucdgd1.cloudfront.net/audio/DRT PR 28.mp3','q7YBopdeLnc',5,28,'1.07:1.07',12,'',NULL,NULL,'M1','L2'),(73,'DRTPRA','M5','L1',NULL,'https://d3dqhfr9ucdgd1.cloudfront.net/audio/DRT PR A M05 L01.mp3','0To0W3ZdjTY',5,8,'2.5:5',12,'',NULL,NULL,'M5','L2'),(72,'DRTPRA','M4','L1',NULL,'https://d3dqhfr9ucdgd1.cloudfront.net/audio/DRT PR A M04 L01.mp3','0To0W3ZdjTY',5,10,'2:4',12,'',NULL,NULL,'M4','L2'),(71,'DRTPRA','M3','L1',NULL,'https://d3dqhfr9ucdgd1.cloudfront.net/audio/DRT PR A M03 L01.mp3','0To0W3ZdjTY',5,12,'1.5:3.5',12,'',NULL,NULL,'M3','L2'),(70,'DRTPRA','M2','L2',NULL,'https://d3dqhfr9ucdgd1.cloudfront.net/audio/DRT PR A M02 L02.mp3','0To0W3ZdjTY',5,12,'2:3',12,'',NULL,NULL,'M2','L3'),(69,'DRTPRA','M2','L1',NULL,'https://d3dqhfr9ucdgd1.cloudfront.net/audio/DRT PR A M02 L01.mp3','0To0W3ZdjTY',5,14,'1.7:2.55',12,'',NULL,NULL,'M2','L2'),(68,'DRTPRA','M1','L8',NULL,'https://d3dqhfr9ucdgd1.cloudfront.net/audio/DRT PR A M01 L08.mp3','0To0W3ZdjTY',5,14,'2.14:2.14',12,'',NULL,NULL,'M2','L1'),(67,'DRTPRA','M1','L7',NULL,'https://d3dqhfr9ucdgd1.cloudfront.net/audio/DRT PR A M01 L07.mp3','0To0W3ZdjTY',5,16,'1.875:1.875',12,'',NULL,NULL,'M1','L8'),(66,'DRTPRA','M1','L6',NULL,'https://d3dqhfr9ucdgd1.cloudfront.net/audio/DRT PR A M01 L06.mp3','0To0W3ZdjTY',5,18,'1.7:1.7',12,'',NULL,NULL,'M1','L7'),(65,'DRTPRA','M1','L5',NULL,'https://d3dqhfr9ucdgd1.cloudfront.net/audio/DRT PR A M01 L05.mp3','0To0W3ZdjTY',5,20,'1.5:1.5',12,'',NULL,NULL,'M1','L6'),(63,'DRTPRA','M1','L3',NULL,'https://d3dqhfr9ucdgd1.cloudfront.net/audio/DRT PR 28.mp3','q7YBopdeLnc',5,24,'1.25:1.25',12,'',NULL,NULL,'M1','L4'),(64,'DRTPRA','M1','L4',NULL,'https://d3dqhfr9ucdgd1.cloudfront.net/audio/DRT PR 28.mp3','q7YBopdeLnc',5,22,'1.35:1.35',12,'',NULL,NULL,'M1','L5'),(62,'DRTPRA','M1','L2',NULL,'https://d3dqhfr9ucdgd1.cloudfront.net/audio/DRT PR 28.mp3','q7YBopdeLnc',5,26,'1.15:1.15',12,'',NULL,NULL,'M1','L3'),(60,'DRTBLISS','M6','L1',NULL,'https://d3dqhfr9ucdgd1.cloudfront.net/audio/DRT AUM C M06 L01.mp3','xT8-yEFoUPc',5,6,'3:7',12,'',NULL,NULL,'M3','L2'),(61,'DRTPRA','M1','L1',NULL,'https://d3dqhfr9ucdgd1.cloudfront.net/audio/DRT PR 28.mp3','q7YBopdeLnc',5,28,'1.07:1.07',12,'',NULL,NULL,'M1','L2'),(59,'DRTBLISS','M5','L1',NULL,'https://d3dqhfr9ucdgd1.cloudfront.net/audio/DRT AUM C M05 L01.mp3','xT8-yEFoUPc',5,8,'2.5:5',12,'',NULL,NULL,'M3','L2'),(58,'DRTBLISS','M4','L1',NULL,'https://d3dqhfr9ucdgd1.cloudfront.net/audio/DRT AUM C M04 L01.mp3','xT8-yEFoUPc',5,10,'2:4',12,'',NULL,NULL,'M3','L2'),(57,'DRTBLISS','M3','L1',NULL,'https://d3dqhfr9ucdgd1.cloudfront.net/audio/DRT AUM C M03 L01.mp3','xT8-yEFoUPc',5,12,'1.5:3.5',12,'',NULL,NULL,'M3','L2'),(56,'DRTAUMC','M6','L1',NULL,'https://d3dqhfr9ucdgd1.cloudfront.net/audio/DRT AUM C M06 L01.mp3','26YVKLPlJ_g',5,6,'3:7',12,'',NULL,NULL,'M6','L2'),(55,'DRTAUMC','M5','L1',NULL,'https://d3dqhfr9ucdgd1.cloudfront.net/audio/DRT AUM C M05 L01.mp3','26YVKLPlJ_g',5,8,'2.5:5',12,'',NULL,NULL,'M5','L2'),(54,'DRTAUMC','M4','L1',NULL,'https://d3dqhfr9ucdgd1.cloudfront.net/audio/DRT AUM C M04 L01.mp3','26YVKLPlJ_g',5,10,'2:4',12,'',NULL,NULL,'M4','L2'),(52,'DRTAUMC','M2','L2',NULL,'https://d3dqhfr9ucdgd1.cloudfront.net/audio/DRT AUM C M02 L02.mp3','26YVKLPlJ_g',5,12,'2:3',12,'',NULL,NULL,'M2','L3'),(53,'DRTAUMC','M3','L1',NULL,'https://d3dqhfr9ucdgd1.cloudfront.net/audio/DRT AUM C M03 L01.mp3','26YVKLPlJ_g',5,12,'1.5:3.5',12,'',NULL,NULL,'M3','L2'),(50,'DRTAUMC','M1','L8',NULL,'https://d3dqhfr9ucdgd1.cloudfront.net/audio/DRT AUM C M01 L08.mp3','26YVKLPlJ_g',5,14,'2.14:2.14',12,'',NULL,NULL,'M2','L1'),(51,'DRTAUMC','M2','L1',NULL,'https://d3dqhfr9ucdgd1.cloudfront.net/audio/DRT AUM C M02 L01.mp3','26YVKLPlJ_g',5,14,'1.7:2.55',12,'',NULL,NULL,'M2','L2'),(48,'DRTAUMC','M1','L6',NULL,'https://d3dqhfr9ucdgd1.cloudfront.net/audio/DRT AUM C M01 L06.mp3','26YVKLPlJ_g',5,18,'1.7:1.7',12,'',NULL,NULL,'M1','L7'),(49,'DRTAUMC','M1','L7',NULL,'https://d3dqhfr9ucdgd1.cloudfront.net/audio/DRT AUM C M01 L07.mp3','26YVKLPlJ_g',5,16,'1.875:1.875',12,'',NULL,NULL,'M1','L8'),(46,'DRTAUMC','M1','L4',NULL,'https://d3dqhfr9ucdgd1.cloudfront.net/audio/DRT PR 28.mp3','q7YBopdeLnc',5,22,'1.35:1.35',12,'',NULL,NULL,'M1','L5'),(47,'DRTAUMC','M1','L5',NULL,'https://d3dqhfr9ucdgd1.cloudfront.net/audio/DRT AUM C M01 L05.mp3','26YVKLPlJ_g',5,20,'1.5:1.5',12,'',NULL,NULL,'M1','L6'),(45,'DRTAUMC','M1','L3',NULL,'https://d3dqhfr9ucdgd1.cloudfront.net/audio/DRT PR 28.mp3','q7YBopdeLnc',5,24,'1.25:1.25',12,'',NULL,NULL,'M1','L4'),(44,'DRTAUMC','M1','L2',NULL,'https://d3dqhfr9ucdgd1.cloudfront.net/audio/DRT PR 28.mp3','q7YBopdeLnc',5,26,'1.15:1.15',12,'',NULL,NULL,'M1','L3'),(43,'DRTAUMC','M1','L1',NULL,'https://d3dqhfr9ucdgd1.cloudfront.net/audio/DRT PR 28.mp3','q7YBopdeLnc',5,28,'1.07:1.07',12,'',NULL,NULL,'M1','L2'),(41,'DRTAUMB','M5','L1',NULL,'https://d3dqhfr9ucdgd1.cloudfront.net/audio/DRT AUM B M05 L01.mp3','mM6HrmcCYxY',5,8,'2.5:5',12,'',NULL,NULL,'M5','L2'),(42,'DRTAUMB','M6','L1',NULL,'https://d3dqhfr9ucdgd1.cloudfront.net/audio/DRT AUM B M06 L01.mp3','mM6HrmcCYxY',5,6,'3:7',12,'',NULL,NULL,'M6','L2'),(40,'DRTAUMB','M4','L1',NULL,'https://d3dqhfr9ucdgd1.cloudfront.net/audio/DRT AUM B M04 L01.mp3','mM6HrmcCYxY',5,10,'2:4',12,'',NULL,NULL,'M4','L2'),(39,'DRTAUMB','M3','L1',NULL,'https://d3dqhfr9ucdgd1.cloudfront.net/audio/DRT AUM B M03 L01.mp3','mM6HrmcCYxY',5,12,'1.5:3.5',12,'',NULL,NULL,'M3','L2'),(38,'DRTAUMB','M2','L2',NULL,'https://d3dqhfr9ucdgd1.cloudfront.net/audio/DRT AUM B M02 L02.mp3','mM6HrmcCYxY',5,12,'2:3',12,'',NULL,NULL,'M2','L3'),(37,'DRTAUMB','M2','L1',NULL,'https://d3dqhfr9ucdgd1.cloudfront.net/audio/DRT AUM B M02 L01.mp3','mM6HrmcCYxY',5,14,'1.7:2.55',12,'',NULL,NULL,'M2','L2'),(36,'DRTAUMB','M1','L8',NULL,'https://d3dqhfr9ucdgd1.cloudfront.net/audio/DRT AUM B M01 L08.mp3','mM6HrmcCYxY',5,14,'2.14:2.14',12,'',NULL,NULL,'M2','L1'),(35,'DRTAUMB','M1','L7',NULL,'https://d3dqhfr9ucdgd1.cloudfront.net/audio/DRT AUM B M01 L07.mp3','mM6HrmcCYxY',5,16,'1.875:1.875',12,'',NULL,NULL,'M1','L8'),(34,'DRTAUMB','M1','L6',NULL,'https://d3dqhfr9ucdgd1.cloudfront.net/audio/DRT AUM B M01 L06.mp3','mM6HrmcCYxY',5,18,'1.7:1.7',12,'',NULL,NULL,'M1','L7'),(32,'DRTAUMB','M1','L4',NULL,'https://d3dqhfr9ucdgd1.cloudfront.net/audio/DRT PR 28.mp3','q7YBopdeLnc',5,22,'1.35:1.35',12,'',NULL,NULL,'M1','L5'),(33,'DRTAUMB','M1','L5',NULL,'https://d3dqhfr9ucdgd1.cloudfront.net/audio/DRT AUM B M01 L05.mp3','mM6HrmcCYxY',5,20,'1.5:1.5',12,'',NULL,NULL,'M1','L6'),(31,'DRTAUMB','M1','L3',NULL,'https://d3dqhfr9ucdgd1.cloudfront.net/audio/DRT PR 28.mp3','q7YBopdeLnc',5,24,'1.25:1.25',12,'',NULL,NULL,'M1','L4'),(30,'DRTAUMB','M1','L2',NULL,'https://d3dqhfr9ucdgd1.cloudfront.net/audio/DRT PR 28.mp3','q7YBopdeLnc',5,26,'1.15:1.15',12,'',NULL,NULL,'M1','L3'),(29,'DRTAUMB','M1','L1',NULL,'https://d3dqhfr9ucdgd1.cloudfront.net/audio/DRT PR 28.mp3','q7YBopdeLnc',5,28,'1.07:1.07',12,'',NULL,NULL,'M1','L2'),(28,'DRTAUMA','M6','L1',NULL,'https://d3dqhfr9ucdgd1.cloudfront.net/audio/DRT AUM A M06 L01.mp3','3e54ShSSA8M',5,6,'3:7',12,'',NULL,NULL,'M6','L2'),(27,'DRTAUMA','M5','L1',NULL,'https://d3dqhfr9ucdgd1.cloudfront.net/audio/DRT AUM A M05 L01.mp3','3e54ShSSA8M',5,8,'2.5:5',12,'',NULL,NULL,'M5','L2'),(26,'DRTAUMA','M4','L1',NULL,'https://d3dqhfr9ucdgd1.cloudfront.net/audio/DRT AUM A M04 L01.mp3','3e54ShSSA8M',5,10,'2:4',12,'',NULL,NULL,'M4','L2'),(25,'DRTAUMA','M3','L1',NULL,'https://d3dqhfr9ucdgd1.cloudfront.net/audio/DRT AUM A M03 L01.mp3','3e54ShSSA8M',5,12,'1.5:3.5',12,'',NULL,NULL,'M3','L2'),(24,'DRTAUMA','M2','L2',NULL,'https://d3dqhfr9ucdgd1.cloudfront.net/audio/DRT AUM A M02 L02.mp3','3e54ShSSA8M',5,12,'2:3',12,'',NULL,NULL,'M2','L3'),(23,'DRTAUMA','M2','L1',NULL,'https://d3dqhfr9ucdgd1.cloudfront.net/audio/DRT AUM A M02 L01.mp3','3e54ShSSA8M',5,14,'1.7:2.55',12,'',NULL,NULL,'M2','L2'),(22,'DRTAUMA','M1','L8',NULL,'https://d3dqhfr9ucdgd1.cloudfront.net/audio/DRT AUM A M01 L08.mp3','3e54ShSSA8M',5,14,'2.14:2.14',12,'',NULL,NULL,'M2','L1'),(21,'DRTAUMA','M1','L7',NULL,'https://d3dqhfr9ucdgd1.cloudfront.net/audio/DRT AUM A M01 L07.mp3','3e54ShSSA8M',5,16,'1.875:1.875',12,'',NULL,NULL,'M1','L8'),(20,'DRTAUMA','M1','L6',NULL,'https://d3dqhfr9ucdgd1.cloudfront.net/audio/DRT AUM A M01 L06.mp3','3e54ShSSA8M',5,18,'1.7:1.7',12,'',NULL,NULL,'M1','L7'),(19,'DRTAUMA','M1','L5',NULL,'https://d3dqhfr9ucdgd1.cloudfront.net/audio/DRT AUM A M01 L05.mp3','3e54ShSSA8M',5,20,'1.5:1.5',12,'',NULL,NULL,'M1','L6'),(18,'DRTAUMA','M1','L4',NULL,'https://d3dqhfr9ucdgd1.cloudfront.net/audio/DRT PR 28.mp3','q7YBopdeLnc',5,22,'1.35:1.35',12,'',NULL,NULL,'M1','L5'),(17,'DRTAUMA','M1','L3',NULL,'https://d3dqhfr9ucdgd1.cloudfront.net/audio/DRT PR 28.mp3','q7YBopdeLnc',5,24,'1.25:1.25',12,'',NULL,NULL,'M1','L4'),(16,'DRTAUMA','M1','L2',NULL,'https://d3dqhfr9ucdgd1.cloudfront.net/audio/DRT PR 28.mp3','q7YBopdeLnc',5,26,'1.15:1.15',12,'',NULL,NULL,'M1','L3'),(15,'DRTAUMA','M1','L1',NULL,'https://d3dqhfr9ucdgd1.cloudfront.net/audio/DRT PR 28.mp3','q7YBopdeLnc',5,28,'1.07:1.07',12,'',NULL,NULL,'M1','L2'),(14,'BRM','M6','L1',NULL,'https://d3dqhfr9ucdgd1.cloudfront.net/audio/BRM M06 L01.mp3','1YoWysGPVmA',5,6,'3:7',12,'',NULL,NULL,'M6','L2'),(13,'BRM','M5','L1',NULL,'https://d3dqhfr9ucdgd1.cloudfront.net/audio/BRM M05 L01.mp3','1YoWysGPVmA',5,8,'2.5:5',12,'',NULL,NULL,'M5','L2'),(12,'BRM','M4','L1',NULL,'https://d3dqhfr9ucdgd1.cloudfront.net/audio/BRM M04 L01.mp3','1YoWysGPVmA',5,10,'2:4',12,'',NULL,NULL,'M4','L2'),(11,'BRM','M3','L1',NULL,'https://d3dqhfr9ucdgd1.cloudfront.net/audio/BRM M03 L01.mp3','1YoWysGPVmA',5,12,'1.5:3.5',12,'',NULL,NULL,'M3','L2'),(10,'BRM','M2','L2',NULL,'https://d3dqhfr9ucdgd1.cloudfront.net/audio/BRM M02 L02.mp3','9rHI9VSGFa8',5,12,'2:3',12,'',NULL,NULL,'M2','L3'),(9,'BRM','M2','L1',NULL,'https://d3dqhfr9ucdgd1.cloudfront.net/audio/BRM M02 L01.mp3','9rHI9VSGFa8',5,14,'1.7:2.55',12,'',NULL,NULL,'M2','L2'),(8,'BRM','M1','L8',NULL,'https://d3dqhfr9ucdgd1.cloudfront.net/audio/BRM M01 L08.mp3','YIx3W7Yybr8',5,14,'2.14:2.14',12,'',NULL,NULL,'M2','L1'),(7,'BRM','M1','L7',NULL,'https://d3dqhfr9ucdgd1.cloudfront.net/audio/BRM M01 L07.mp3','YIx3W7Yybr8',5,16,'1.875:1.875',12,'',NULL,NULL,'M1','L8'),(6,'BRM','M1','L6',NULL,'https://d3dqhfr9ucdgd1.cloudfront.net/audio/BRM M01 L06.mp3','YIx3W7Yybr8',5,18,'1.7:1.7',12,'',NULL,NULL,'M1','L7'),(5,'BRM','M1','L5',NULL,'https://d3dqhfr9ucdgd1.cloudfront.net/audio/BRM M01 L05.mp3','YIx3W7Yybr8',5,20,'1.5:1.5',12,'',NULL,NULL,'M1','L6'),(4,'BRM','M1','L4',NULL,'https://d3dqhfr9ucdgd1.cloudfront.net/audio/BRM M01 L04.mp3','YIx3W7Yybr8',5,22,'1.35:1.35',12,'',NULL,NULL,'M1','L5'),(3,'BRM','M1','L3',NULL,'https://d3dqhfr9ucdgd1.cloudfront.net/audio/BRM M01 L03.mp3','YIx3W7Yybr8',5,24,'1.25:1.25',12,'',NULL,NULL,'M1','L4'),(2,'BRM','M1','L2',NULL,'https://d3dqhfr9ucdgd1.cloudfront.net/audio/BRM M01 L02.mp3','YIx3W7Yybr8',5,26,'1.15:1.15',12,'',NULL,NULL,'M1','L3'),(1,'BRM','M1','L1',NULL,'https://d3dqhfr9ucdgd1.cloudfront.net/audio/BRM M01 L01.mp3','YIx3W7Yybr8',5,28,'1.07:1.07',12,'',NULL,NULL,'M1','L2'),(249,'PS','M4','L1',NULL,'https://d3dqhfr9ucdgd1.cloudfront.net/audio/PS M04 L01.mp3','nCoSivDTscs',5,10,'2:4',12,'',NULL,NULL,'M4','L2'),(250,'PS','M5','L1',NULL,'https://d3dqhfr9ucdgd1.cloudfront.net/audio/PS M05 L01.mp3','nCoSivDTscs',5,8,'2.5:5',12,'',NULL,NULL,'M5','L2'),(251,'PS','M6','L1',NULL,'https://d3dqhfr9ucdgd1.cloudfront.net/audio/PS M06 L01.mp3','nCoSivDTscs',5,6,'3:7',12,'',NULL,NULL,'M6','L2');
/*!40000 ALTER TABLE `btModule` ENABLE KEYS */;
UNLOCK TABLES;

--
-- Table structure for table `exclusionMap`
--

DROP TABLE IF EXISTS `exclusionMap`;
/*!40101 SET @saved_cs_client     = @@character_set_client */;
/*!40101 SET character_set_client = utf8 */;
CREATE TABLE `exclusionMap` (
  `id` int(10) unsigned NOT NULL AUTO_INCREMENT,
  `hcId` varchar(15) DEFAULT NULL,
  `hcCode` varchar(15) DEFAULT NULL,
  `btId` varchar(15) DEFAULT NULL,
  `btCode` varchar(15) DEFAULT NULL,
  `created` datetime DEFAULT NULL,
  `lastUpdated` datetime DEFAULT NULL,
  `moduleLimit` varchar(100) DEFAULT NULL,
  `levelLimit` varchar(100) DEFAULT NULL,
  PRIMARY KEY (`id`),
  UNIQUE KEY `id` (`id`)
) ENGINE=MyISAM AUTO_INCREMENT=4 DEFAULT CHARSET=latin1 COMMENT='Used to keep track of all bt exclusion for special cases';
/*!40101 SET character_set_client = @saved_cs_client */;

--
-- Dumping data for table `exclusionMap`
--

LOCK TABLES `exclusionMap` WRITE;
/*!40000 ALTER TABLE `exclusionMap` DISABLE KEYS */;
INSERT INTO `exclusionMap` VALUES (1,'2','HYTN','1','RN','2014-06-28 16:43:04','2014-06-28 16:43:04',NULL,NULL),(2,'3','OBES','11','NAS','2014-06-28 16:43:04','2014-06-28 16:43:04',NULL,NULL),(3,'1','DMTS','24','MSRT','2014-06-28 16:43:04','2014-06-28 16:43:04',NULL,NULL);
/*!40000 ALTER TABLE `exclusionMap` ENABLE KEYS */;
UNLOCK TABLES;

--
-- Table structure for table `giftPurchaseInfoHistory`
--

DROP TABLE IF EXISTS `giftPurchaseInfoHistory`;
/*!40101 SET @saved_cs_client     = @@character_set_client */;
/*!40101 SET character_set_client = utf8 */;
CREATE TABLE `giftPurchaseInfoHistory` (
  `id` int(11) NOT NULL,
  `annualSubscription` int(11) DEFAULT NULL,
  `noOfOrders` int(11) DEFAULT NULL,
  `giftSubscription` int(11) DEFAULT NULL,
  `bonusSubscription` int(11) DEFAULT NULL,
  `amountDue` int(11) DEFAULT NULL,
  `created` datetime DEFAULT NULL,
  `lastupdated` datetime DEFAULT NULL,
  `transactionId` varchar(45) DEFAULT NULL
) ENGINE=MyISAM DEFAULT CHARSET=latin1;
/*!40101 SET character_set_client = @saved_cs_client */;

--
-- Dumping data for table `giftPurchaseInfoHistory`
--

LOCK TABLES `giftPurchaseInfoHistory` WRITE;
/*!40000 ALTER TABLE `giftPurchaseInfoHistory` DISABLE KEYS */;
INSERT INTO `giftPurchaseInfoHistory` VALUES (1,10,0,0,0,10,'2014-06-17 03:48:50','2014-06-17 03:48:50','2215000040'),(1,0,7,70,10,60,'2014-06-17 03:50:00','2014-06-17 03:50:00','2215000054');
/*!40000 ALTER TABLE `giftPurchaseInfoHistory` ENABLE KEYS */;
UNLOCK TABLES;

--
-- Table structure for table `healthConditionMap`
--

DROP TABLE IF EXISTS `healthConditionMap`;
/*!40101 SET @saved_cs_client     = @@character_set_client */;
/*!40101 SET character_set_client = utf8 */;
CREATE TABLE `healthConditionMap` (
  `id` int(10) unsigned NOT NULL AUTO_INCREMENT,
  `healthConditionId` int(10) DEFAULT NULL,
  `module` varchar(15) DEFAULT NULL,
  `timeOfDay` varchar(15) DEFAULT NULL,
  `breathingTechnique` varchar(15) DEFAULT NULL,
  `created` datetime DEFAULT NULL,
  `lastupdated` datetime DEFAULT NULL,
  `mSequence` int(100) NOT NULL,
  `aSequence` int(100) NOT NULL,
  `eSequence` int(100) NOT NULL,
  PRIMARY KEY (`id`),
  UNIQUE KEY `id` (`id`),
  KEY `healthConditionId` (`healthConditionId`)
) ENGINE=MyISAM AUTO_INCREMENT=279 DEFAULT CHARSET=latin1 COMMENT='Used to keep track of all user courses';
/*!40101 SET character_set_client = @saved_cs_client */;

--
-- Dumping data for table `healthConditionMap`
--

LOCK TABLES `healthConditionMap` WRITE;
/*!40000 ALTER TABLE `healthConditionMap` DISABLE KEYS */;
INSERT INTO `healthConditionMap` VALUES (157,9,NULL,NULL,'BRM','0000-00-00 00:00:00',NULL,0,3,0),(158,9,NULL,NULL,'DRTPRA','0000-00-00 00:00:00',NULL,0,0,1),(159,9,NULL,NULL,'DRTPRB','0000-00-00 00:00:00',NULL,0,0,2),(160,9,NULL,NULL,'DRTPRC','0000-00-00 00:00:00',NULL,0,0,3),(161,9,NULL,NULL,'DRTPRD','0000-00-00 00:00:00',NULL,0,0,4),(162,9,NULL,NULL,'DRTAUMC','0000-00-00 00:00:00',NULL,0,0,5),(163,9,NULL,NULL,'DRTSHA','0000-00-00 00:00:00',NULL,0,0,6),(164,9,NULL,NULL,'DRTSHB','0000-00-00 00:00:00',NULL,0,0,7),(165,9,NULL,NULL,'DRTSHC','0000-00-00 00:00:00',NULL,0,0,8),(166,9,NULL,NULL,'DRTBLISS','0000-00-00 00:00:00',NULL,0,0,9),(167,9,NULL,NULL,'IRTL','0000-00-00 00:00:00',NULL,0,0,10),(168,10,NULL,NULL,'PS','0000-00-00 00:00:00',NULL,1,0,0),(169,10,NULL,NULL,'HS','0000-00-00 00:00:00',NULL,2,0,0),(156,9,NULL,NULL,'MSRT','0000-00-00 00:00:00',NULL,0,2,0),(155,9,NULL,NULL,'IRTS','0000-00-00 00:00:00',NULL,0,1,0),(154,9,NULL,NULL,'PRMBLISSB','0000-00-00 00:00:00',NULL,5,0,0),(153,9,NULL,NULL,'PRMBLISSA','0000-00-00 00:00:00',NULL,4,0,0),(152,9,NULL,NULL,'PRMB','0000-00-00 00:00:00',NULL,3,0,0),(151,9,NULL,NULL,'PRMA','0000-00-00 00:00:00',NULL,2,0,0),(150,9,NULL,NULL,'PRM','0000-00-00 00:00:00',NULL,1,0,0),(149,8,NULL,NULL,'DRTBLISS','0000-00-00 00:00:00',NULL,0,0,11),(148,8,NULL,NULL,'DRTSHC','0000-00-00 00:00:00',NULL,0,0,10),(147,8,NULL,NULL,'DRTSHB','0000-00-00 00:00:00',NULL,0,0,9),(146,8,NULL,NULL,'DRTSHA','0000-00-00 00:00:00',NULL,0,0,8),(145,8,NULL,NULL,'DRTAUMC','0000-00-00 00:00:00',NULL,0,0,7),(144,8,NULL,NULL,'DRTAUMB','0000-00-00 00:00:00',NULL,0,0,6),(143,8,NULL,NULL,'DRTAUMA','0000-00-00 00:00:00',NULL,0,0,5),(142,8,NULL,NULL,'DRTPRD','0000-00-00 00:00:00',NULL,0,0,4),(141,8,NULL,NULL,'DRTPRC','0000-00-00 00:00:00',NULL,0,0,3),(140,8,NULL,NULL,'DRTPRB','0000-00-00 00:00:00',NULL,0,0,2),(139,8,NULL,NULL,'DRTPRA','0000-00-00 00:00:00',NULL,0,0,1),(138,8,NULL,NULL,'MSRT','0000-00-00 00:00:00',NULL,0,4,0),(137,8,NULL,NULL,'NAS','0000-00-00 00:00:00',NULL,0,3,0),(136,8,NULL,NULL,'NB','0000-00-00 00:00:00',NULL,0,2,0),(135,8,NULL,NULL,'BRM','0000-00-00 00:00:00',NULL,0,1,0),(134,8,NULL,NULL,'PRMBLISSB','0000-00-00 00:00:00',NULL,7,0,0),(133,8,NULL,NULL,'PRMBLISSA','0000-00-00 00:00:00',NULL,6,0,0),(132,8,NULL,NULL,'PRMB','0000-00-00 00:00:00',NULL,5,0,0),(131,8,NULL,NULL,'PRMA','0000-00-00 00:00:00',NULL,4,0,0),(130,8,NULL,NULL,'PRM','0000-00-00 00:00:00',NULL,3,0,0),(129,8,NULL,NULL,'HS','0000-00-00 00:00:00',NULL,2,0,0),(128,8,NULL,NULL,'PS','0000-00-00 00:00:00',NULL,1,0,0),(127,7,NULL,NULL,'QRT7','0000-00-00 00:00:00',NULL,0,0,4),(126,7,NULL,NULL,'DRTC7','0000-00-00 00:00:00',NULL,0,0,3),(125,7,NULL,NULL,'DRTB7','0000-00-00 00:00:00',NULL,0,0,2),(124,7,NULL,NULL,'DRTA7','0000-00-00 00:00:00',NULL,0,0,1),(123,7,NULL,NULL,'PRMB7','0000-00-00 00:00:00',NULL,0,2,0),(122,7,NULL,NULL,'PRMA7','0000-00-00 00:00:00',NULL,0,1,0),(121,7,NULL,NULL,'HS7','0000-00-00 00:00:00',NULL,2,0,0),(120,7,NULL,NULL,'PS7','0000-00-00 00:00:00',NULL,1,0,0),(119,6,NULL,NULL,'DRTSHC','0000-00-00 00:00:00',NULL,0,0,10),(118,6,NULL,NULL,'DRTSHB','0000-00-00 00:00:00',NULL,0,0,9),(117,6,NULL,NULL,'DRTSHA','0000-00-00 00:00:00',NULL,0,0,8),(116,6,NULL,NULL,'DRTAUMC','0000-00-00 00:00:00',NULL,0,0,7),(115,6,NULL,NULL,'DRTAUMB','0000-00-00 00:00:00',NULL,0,0,6),(114,6,NULL,NULL,'DRTAUMA','0000-00-00 00:00:00',NULL,0,0,5),(113,6,NULL,NULL,'DRTPRD','0000-00-00 00:00:00',NULL,0,0,4),(112,6,NULL,NULL,'DRTPRC','0000-00-00 00:00:00',NULL,0,0,3),(111,6,NULL,NULL,'DRTPRB','0000-00-00 00:00:00',NULL,0,0,2),(110,6,NULL,NULL,'DRTPRA','0000-00-00 00:00:00',NULL,0,0,1),(109,6,NULL,NULL,'MSRT','0000-00-00 00:00:00',NULL,0,3,0),(108,6,NULL,NULL,'NAS','0000-00-00 00:00:00',NULL,0,2,0),(107,6,NULL,NULL,'PS','0000-00-00 00:00:00',NULL,0,1,0),(106,6,NULL,NULL,'BRM','0000-00-00 00:00:00',NULL,3,0,0),(105,6,NULL,NULL,'HS','0000-00-00 00:00:00',NULL,2,0,0),(104,6,NULL,NULL,'NB','0000-00-00 00:00:00',NULL,1,0,0),(103,5,NULL,NULL,'IRTL','0000-00-00 00:00:00',NULL,0,0,12),(102,5,NULL,NULL,'DRTBLISS','0000-00-00 00:00:00',NULL,0,0,11),(101,5,NULL,NULL,'DRTSHC','0000-00-00 00:00:00',NULL,0,0,10),(100,5,NULL,NULL,'DRTSHB','0000-00-00 00:00:00',NULL,0,0,9),(99,5,NULL,NULL,'DRTSHA','0000-00-00 00:00:00',NULL,0,0,8),(98,5,NULL,NULL,'DRTAUMC','0000-00-00 00:00:00',NULL,0,0,7),(97,5,NULL,NULL,'DRTAUMB','0000-00-00 00:00:00',NULL,0,0,6),(96,5,NULL,NULL,'DRTAUMA','0000-00-00 00:00:00',NULL,0,0,5),(95,5,NULL,NULL,'DRTPRD','0000-00-00 00:00:00',NULL,0,0,4),(94,5,NULL,NULL,'DRTPRC','0000-00-00 00:00:00',NULL,0,0,3),(93,5,NULL,NULL,'DRTPRB','0000-00-00 00:00:00',NULL,0,0,2),(92,5,NULL,NULL,'DRTPRA','0000-00-00 00:00:00',NULL,0,0,1),(91,5,NULL,NULL,'IRTS','0000-00-00 00:00:00',NULL,0,4,0),(90,5,NULL,NULL,'MSRT','0000-00-00 00:00:00',NULL,0,3,0),(89,5,NULL,NULL,'NAS','0000-00-00 00:00:00',NULL,0,2,0),(88,5,NULL,NULL,'NB','0000-00-00 00:00:00',NULL,0,1,0),(87,5,NULL,NULL,'PRMBLISSB','0000-00-00 00:00:00',NULL,8,0,0),(86,5,NULL,NULL,'PRMBLISSA','0000-00-00 00:00:00',NULL,7,0,0),(85,5,NULL,NULL,'PRMB','0000-00-00 00:00:00',NULL,6,0,0),(84,5,NULL,NULL,'PRMA','0000-00-00 00:00:00',NULL,5,0,0),(83,5,NULL,NULL,'PRM','0000-00-00 00:00:00',NULL,4,0,0),(82,5,NULL,NULL,'BRM','0000-00-00 00:00:00',NULL,3,0,0),(81,5,NULL,NULL,'HS','0000-00-00 00:00:00',NULL,2,0,0),(80,5,NULL,NULL,'PS','0000-00-00 00:00:00',NULL,1,0,0),(79,4,NULL,NULL,'DRTBLISS','0000-00-00 00:00:00',NULL,0,0,11),(78,4,NULL,NULL,'DRTSHC','0000-00-00 00:00:00',NULL,0,0,10),(77,4,NULL,NULL,'DRTSHB','0000-00-00 00:00:00',NULL,0,0,9),(76,4,NULL,NULL,'DRTSHA','0000-00-00 00:00:00',NULL,0,0,8),(75,4,NULL,NULL,'DRTAUMC','0000-00-00 00:00:00',NULL,0,0,7),(74,4,NULL,NULL,'DRTAUMB','0000-00-00 00:00:00',NULL,0,0,6),(73,4,NULL,NULL,'DRTAUMA','0000-00-00 00:00:00',NULL,0,0,5),(72,4,NULL,NULL,'DRTPRD','0000-00-00 00:00:00',NULL,0,0,4),(71,4,NULL,NULL,'DRTPRC','0000-00-00 00:00:00',NULL,0,0,3),(70,4,NULL,NULL,'DRTPRB','0000-00-00 00:00:00',NULL,0,0,2),(69,4,NULL,NULL,'DRTPRA','0000-00-00 00:00:00',NULL,0,0,1),(68,4,NULL,NULL,'MSRT','0000-00-00 00:00:00',NULL,0,3,0),(67,4,NULL,NULL,'NAS','0000-00-00 00:00:00',NULL,0,2,0),(66,4,NULL,NULL,'NB','0000-00-00 00:00:00',NULL,0,1,0),(65,4,NULL,NULL,'PRMB','0000-00-00 00:00:00',NULL,6,0,0),(64,4,NULL,NULL,'PRMA','0000-00-00 00:00:00',NULL,5,0,0),(63,4,NULL,NULL,'PRM','0000-00-00 00:00:00',NULL,4,0,0),(62,4,NULL,NULL,'BRM','0000-00-00 00:00:00',NULL,3,0,0),(61,4,NULL,NULL,'HS','0000-00-00 00:00:00',NULL,2,0,0),(60,4,NULL,NULL,'PS','0000-00-00 00:00:00',NULL,1,0,0),(59,3,NULL,NULL,'IRTL','0000-00-00 00:00:00',NULL,0,0,12),(58,3,NULL,NULL,'DRTBLISS','0000-00-00 00:00:00',NULL,0,0,11),(57,3,NULL,NULL,'DRTSHC','0000-00-00 00:00:00',NULL,0,0,10),(56,3,NULL,NULL,'DRTSHB','0000-00-00 00:00:00',NULL,0,0,9),(55,3,NULL,NULL,'DRTSHA','0000-00-00 00:00:00',NULL,0,0,8),(54,3,NULL,NULL,'DRTAUMC','0000-00-00 00:00:00',NULL,0,0,7),(53,3,NULL,NULL,'DRTAUMB','0000-00-00 00:00:00',NULL,0,0,6),(52,3,NULL,NULL,'DRTAUMA','0000-00-00 00:00:00',NULL,0,0,5),(51,3,NULL,NULL,'DRTPRD','0000-00-00 00:00:00',NULL,0,0,4),(50,3,NULL,NULL,'DRTPRC','0000-00-00 00:00:00',NULL,0,0,3),(49,3,NULL,NULL,'DRTPRB','0000-00-00 00:00:00',NULL,0,0,2),(48,3,NULL,NULL,'DRTPRA','0000-00-00 00:00:00',NULL,0,0,1),(47,3,NULL,NULL,'IRTS','0000-00-00 00:00:00',NULL,0,4,0),(46,3,NULL,NULL,'MSRT','0000-00-00 00:00:00',NULL,0,3,0),(45,3,NULL,NULL,'NAS','0000-00-00 00:00:00',NULL,0,2,0),(44,3,NULL,NULL,'NB','0000-00-00 00:00:00',NULL,0,1,0),(43,3,NULL,NULL,'PRMBLISSB','0000-00-00 00:00:00',NULL,8,0,0),(42,3,NULL,NULL,'PRMBLISSA','0000-00-00 00:00:00',NULL,7,0,0),(41,3,NULL,NULL,'PRMB','0000-00-00 00:00:00',NULL,6,0,0),(40,3,NULL,NULL,'PRMA','0000-00-00 00:00:00',NULL,5,0,0),(39,3,NULL,NULL,'PRM','0000-00-00 00:00:00',NULL,4,0,0),(38,3,NULL,NULL,'BRM','0000-00-00 00:00:00',NULL,3,0,0),(37,3,NULL,NULL,'HS','0000-00-00 00:00:00',NULL,2,0,0),(36,3,NULL,NULL,'PS','0000-00-00 00:00:00',NULL,1,0,0),(35,15,NULL,NULL,'DRTBLISS','0000-00-00 00:00:00',NULL,0,0,11),(34,15,NULL,NULL,'DRTSHC','0000-00-00 00:00:00',NULL,0,0,10),(33,15,NULL,NULL,'DRTSHB','0000-00-00 00:00:00',NULL,0,0,9),(32,15,NULL,NULL,'DRTSHA','0000-00-00 00:00:00',NULL,0,0,8),(31,15,NULL,NULL,'DRTAUMC','0000-00-00 00:00:00',NULL,0,0,7),(30,15,NULL,NULL,'DRTAUMB','0000-00-00 00:00:00',NULL,0,0,6),(29,15,NULL,NULL,'DRTAUMA','0000-00-00 00:00:00',NULL,0,0,5),(28,15,NULL,NULL,'DRTPRD','0000-00-00 00:00:00',NULL,0,0,4),(27,15,NULL,NULL,'DRTPRC','0000-00-00 00:00:00',NULL,0,0,3),(26,15,NULL,NULL,'DRTPRB','0000-00-00 00:00:00',NULL,0,0,2),(25,15,NULL,NULL,'DRTPRA','0000-00-00 00:00:00',NULL,0,0,1),(24,15,NULL,NULL,'MSRT','0000-00-00 00:00:00',NULL,0,3,0),(23,15,NULL,NULL,'NAS','0000-00-00 00:00:00',NULL,0,2,0),(22,15,NULL,NULL,'NB','0000-00-00 00:00:00',NULL,0,1,0),(21,15,NULL,NULL,'PRMB','0000-00-00 00:00:00',NULL,6,0,0),(20,15,NULL,NULL,'PRMA','0000-00-00 00:00:00',NULL,5,0,0),(19,15,NULL,NULL,'PRM','0000-00-00 00:00:00',NULL,4,0,0),(18,15,NULL,NULL,'BRM','0000-00-00 00:00:00',NULL,3,0,0),(17,15,NULL,NULL,'HS','0000-00-00 00:00:00',NULL,2,0,0),(16,15,NULL,NULL,'PS','0000-00-00 00:00:00',NULL,1,0,0),(15,2,NULL,NULL,'DRTSHC','0000-00-00 00:00:00',NULL,0,0,10),(14,2,NULL,NULL,'DRTSHB','0000-00-00 00:00:00',NULL,0,0,9),(13,2,NULL,NULL,'DRTSHA','0000-00-00 00:00:00',NULL,0,0,8),(12,2,NULL,NULL,'DRTAUMC','0000-00-00 00:00:00',NULL,0,0,7),(11,2,NULL,NULL,'DRTAUMB','0000-00-00 00:00:00',NULL,0,0,6),(10,2,NULL,NULL,'DRTAUMA','0000-00-00 00:00:00',NULL,0,0,5),(9,2,NULL,NULL,'DRTPRD','0000-00-00 00:00:00',NULL,0,0,4),(8,2,NULL,NULL,'DRTPRC','0000-00-00 00:00:00',NULL,0,0,3),(7,2,NULL,NULL,'DRTPRB','0000-00-00 00:00:00',NULL,0,0,2),(6,2,NULL,NULL,'DRTPRA','0000-00-00 00:00:00',NULL,0,0,1),(5,2,NULL,NULL,'BRM','0000-00-00 00:00:00',NULL,0,2,0),(4,2,NULL,NULL,'NB','0000-00-00 00:00:00',NULL,0,1,0),(3,2,NULL,NULL,'MSRT','0000-00-00 00:00:00',NULL,3,0,0),(2,2,NULL,NULL,'HS','0000-00-00 00:00:00',NULL,2,0,0),(1,2,NULL,NULL,'PS','0000-00-00 00:00:00',NULL,1,0,0),(170,10,NULL,NULL,'NAS','0000-00-00 00:00:00',NULL,3,0,0),(171,10,NULL,NULL,'BRM','0000-00-00 00:00:00',NULL,4,0,0),(172,10,NULL,NULL,'MSRT','0000-00-00 00:00:00',NULL,0,1,0),(173,10,NULL,NULL,'NB','0000-00-00 00:00:00',NULL,0,2,0),(174,10,NULL,NULL,'DRTPRA','0000-00-00 00:00:00',NULL,0,0,1),(175,10,NULL,NULL,'DRTPRB','0000-00-00 00:00:00',NULL,0,0,2),(176,10,NULL,NULL,'DRTPRC','0000-00-00 00:00:00',NULL,0,0,3),(177,10,NULL,NULL,'DRTPRD','0000-00-00 00:00:00',NULL,0,0,4),(178,10,NULL,NULL,'DRTSHA','0000-00-00 00:00:00',NULL,0,0,5),(179,10,NULL,NULL,'DRTSHB','0000-00-00 00:00:00',NULL,0,0,6),(180,10,NULL,NULL,'DRTSHC','0000-00-00 00:00:00',NULL,0,0,7),(181,11,NULL,NULL,'MSRT','0000-00-00 00:00:00',NULL,1,0,0),(182,11,NULL,NULL,'PS','0000-00-00 00:00:00',NULL,2,0,0),(183,11,NULL,NULL,'HS','0000-00-00 00:00:00',NULL,3,0,0),(184,11,NULL,NULL,'PRM','0000-00-00 00:00:00',NULL,4,0,0),(185,11,NULL,NULL,'PRMA','0000-00-00 00:00:00',NULL,5,0,0),(186,11,NULL,NULL,'PRMB','0000-00-00 00:00:00',NULL,6,0,0),(187,11,NULL,NULL,'PRMBLISSA','0000-00-00 00:00:00',NULL,7,0,0),(188,11,NULL,NULL,'PRMBLISSB','0000-00-00 00:00:00',NULL,8,0,0),(189,11,NULL,NULL,'BRM','0000-00-00 00:00:00',NULL,0,1,0),(190,11,NULL,NULL,'NB','0000-00-00 00:00:00',NULL,0,2,0),(191,11,NULL,NULL,'NAS','0000-00-00 00:00:00',NULL,0,3,0),(192,11,NULL,NULL,'DRTPRA','0000-00-00 00:00:00',NULL,0,0,1),(193,11,NULL,NULL,'DRTPRB','0000-00-00 00:00:00',NULL,0,0,2),(194,11,NULL,NULL,'DRTPRC','0000-00-00 00:00:00',NULL,0,0,3),(195,11,NULL,NULL,'DRTPRD','0000-00-00 00:00:00',NULL,0,0,4),(196,11,NULL,NULL,'DRTAUMA','0000-00-00 00:00:00',NULL,0,0,5),(197,11,NULL,NULL,'DRTAUMB','0000-00-00 00:00:00',NULL,0,0,6),(198,11,NULL,NULL,'DRTAUMC','0000-00-00 00:00:00',NULL,0,0,7),(199,11,NULL,NULL,'DRTSHA','0000-00-00 00:00:00',NULL,0,0,8),(200,11,NULL,NULL,'DRTSHB','0000-00-00 00:00:00',NULL,0,0,9),(201,11,NULL,NULL,'DRTSHC','0000-00-00 00:00:00',NULL,0,0,10),(202,11,NULL,NULL,'DRTBLISS','0000-00-00 00:00:00',NULL,0,0,11),(203,1,NULL,NULL,'HS','0000-00-00 00:00:00',NULL,1,0,0),(204,1,NULL,NULL,'PS','0000-00-00 00:00:00',NULL,3,0,0),(205,1,NULL,NULL,'IRTS','0000-00-00 00:00:00',NULL,4,0,0),(206,1,NULL,NULL,'PRM','0000-00-00 00:00:00',NULL,5,0,0),(207,1,NULL,NULL,'PRMA','0000-00-00 00:00:00',NULL,6,0,0),(208,1,NULL,NULL,'PRMB','0000-00-00 00:00:00',NULL,7,0,0),(209,1,NULL,NULL,'PRMBLISSA','0000-00-00 00:00:00',NULL,8,0,0),(210,1,NULL,NULL,'PRMBLISSB','0000-00-00 00:00:00',NULL,9,0,0),(211,1,NULL,NULL,'NAS','0000-00-00 00:00:00',NULL,0,1,0),(212,1,NULL,NULL,'NB','0000-00-00 00:00:00',NULL,0,2,0),(213,1,NULL,NULL,'MSRT','0000-00-00 00:00:00',NULL,0,3,0),(214,1,NULL,NULL,'BRM','0000-00-00 00:00:00',NULL,0,4,0),(215,1,NULL,NULL,'DRTPRA','0000-00-00 00:00:00',NULL,0,0,1),(216,1,NULL,NULL,'DRTPRB','0000-00-00 00:00:00',NULL,0,0,2),(217,1,NULL,NULL,'DRTPRC','0000-00-00 00:00:00',NULL,0,0,3),(218,1,NULL,NULL,'DRTPRD','0000-00-00 00:00:00',NULL,0,0,4),(219,1,NULL,NULL,'DRTAUMA','0000-00-00 00:00:00',NULL,0,0,5),(220,1,NULL,NULL,'DRTAUMB','0000-00-00 00:00:00',NULL,0,0,6),(221,1,NULL,NULL,'DRTAUMC','0000-00-00 00:00:00',NULL,0,0,7),(222,1,NULL,NULL,'DRTSHA','0000-00-00 00:00:00',NULL,0,0,8),(223,1,NULL,NULL,'DRTSHB','0000-00-00 00:00:00',NULL,0,0,9),(224,1,NULL,NULL,'DRTSHC','0000-00-00 00:00:00',NULL,0,0,10),(225,1,NULL,NULL,'DRTBLISS','0000-00-00 00:00:00',NULL,0,0,11),(226,1,NULL,NULL,'IRTL','0000-00-00 00:00:00',NULL,0,0,12),(227,12,NULL,NULL,'HS','0000-00-00 00:00:00',NULL,1,0,0),(228,12,NULL,NULL,'PS','0000-00-00 00:00:00',NULL,2,0,0),(229,12,NULL,NULL,'MSRT','0000-00-00 00:00:00',NULL,3,0,0),(230,12,NULL,NULL,'PRM','0000-00-00 00:00:00',NULL,4,0,0),(231,12,NULL,NULL,'PRMA','0000-00-00 00:00:00',NULL,5,0,0),(232,12,NULL,NULL,'PRMB','0000-00-00 00:00:00',NULL,6,0,0),(233,12,NULL,NULL,'NAS','0000-00-00 00:00:00',NULL,0,1,0),(234,12,NULL,NULL,'NB','0000-00-00 00:00:00',NULL,0,2,0),(235,12,NULL,NULL,'BRM','0000-00-00 00:00:00',NULL,0,3,0),(236,12,NULL,NULL,'DRTPRA','0000-00-00 00:00:00',NULL,0,0,1),(237,12,NULL,NULL,'DRTPRB','0000-00-00 00:00:00',NULL,0,0,2),(238,12,NULL,NULL,'DRTPRC','0000-00-00 00:00:00',NULL,0,0,3),(239,12,NULL,NULL,'DRTPRD','0000-00-00 00:00:00',NULL,0,0,4),(240,12,NULL,NULL,'DRTAUMA','0000-00-00 00:00:00',NULL,0,0,5),(241,12,NULL,NULL,'DRTAUMB','0000-00-00 00:00:00',NULL,0,0,6),(242,12,NULL,NULL,'DRTAUMC','0000-00-00 00:00:00',NULL,0,0,7),(243,12,NULL,NULL,'DRTSHA','0000-00-00 00:00:00',NULL,0,0,8),(244,12,NULL,NULL,'DRTSHB','0000-00-00 00:00:00',NULL,0,0,9),(245,12,NULL,NULL,'DRTSHC','0000-00-00 00:00:00',NULL,0,0,10),(246,13,NULL,NULL,'HS','0000-00-00 00:00:00',NULL,1,0,0),(247,13,NULL,NULL,'PS','0000-00-00 00:00:00',NULL,2,0,0),(248,13,NULL,NULL,'IRTS','0000-00-00 00:00:00',NULL,3,0,0),(249,13,NULL,NULL,'PRM','0000-00-00 00:00:00',NULL,4,0,0),(250,13,NULL,NULL,'PRMA','0000-00-00 00:00:00',NULL,5,0,0),(251,13,NULL,NULL,'PRMB','0000-00-00 00:00:00',NULL,6,0,0),(252,13,NULL,NULL,'PRMBLISSA','0000-00-00 00:00:00',NULL,7,0,0),(253,13,NULL,NULL,'PRMBLISSB','0000-00-00 00:00:00',NULL,8,0,0),(254,13,NULL,NULL,'NAS','0000-00-00 00:00:00',NULL,0,1,0),(255,13,NULL,NULL,'NB','0000-00-00 00:00:00',NULL,0,2,0),(256,13,NULL,NULL,'MSRT','0000-00-00 00:00:00',NULL,0,3,0),(257,13,NULL,NULL,'BRM','0000-00-00 00:00:00',NULL,0,4,0),(258,13,NULL,NULL,'DRTPRA','0000-00-00 00:00:00',NULL,0,0,1),(259,13,NULL,NULL,'DRTPRB','0000-00-00 00:00:00',NULL,0,0,2),(260,13,NULL,NULL,'DRTPRC','0000-00-00 00:00:00',NULL,0,0,3),(261,13,NULL,NULL,'DRTPRD','0000-00-00 00:00:00',NULL,0,0,4),(262,14,NULL,NULL,'BRM','0000-00-00 00:00:00',NULL,1,0,0),(263,14,NULL,NULL,'MSRT','0000-00-00 00:00:00',NULL,2,0,0),(264,14,NULL,NULL,'HS','0000-00-00 00:00:00',NULL,3,0,0),(265,14,NULL,NULL,'PS','0000-00-00 00:00:00',NULL,4,0,0),(266,14,NULL,NULL,'PRM','0000-00-00 00:00:00',NULL,5,0,0),(267,14,NULL,NULL,'PRMA','0000-00-00 00:00:00',NULL,6,0,0),(268,14,NULL,NULL,'PRMB','0000-00-00 00:00:00',NULL,7,0,0),(269,14,NULL,NULL,'PRMBLISSA','0000-00-00 00:00:00',NULL,8,0,0),(270,14,NULL,NULL,'PRMBLISSB','0000-00-00 00:00:00',NULL,9,0,0),(271,14,NULL,NULL,'NB','0000-00-00 00:00:00',NULL,0,1,0),(272,14,NULL,NULL,'NAS','0000-00-00 00:00:00',NULL,0,2,0),(273,14,NULL,NULL,'DRTAUMA','0000-00-00 00:00:00',NULL,0,0,1),(274,14,NULL,NULL,'DRTAUMB','0000-00-00 00:00:00',NULL,0,0,2),(275,14,NULL,NULL,'DRTAUMC','0000-00-00 00:00:00',NULL,0,0,3),(276,14,NULL,NULL,'DRTSHA','0000-00-00 00:00:00',NULL,0,0,4),(277,14,NULL,NULL,'DRTSHB','0000-00-00 00:00:00',NULL,0,0,5),(278,14,NULL,NULL,'DRTSHC','0000-00-00 00:00:00',NULL,0,0,6);
/*!40000 ALTER TABLE `healthConditionMap` ENABLE KEYS */;
UNLOCK TABLES;

--
-- Table structure for table `healthcondition`
--

DROP TABLE IF EXISTS `healthcondition`;
/*!40101 SET @saved_cs_client     = @@character_set_client */;
/*!40101 SET character_set_client = utf8 */;
CREATE TABLE `healthcondition` (
  `id` int(10) unsigned NOT NULL AUTO_INCREMENT,
  `hcode` text,
  `des` text,
  `link` text,
  `created` datetime DEFAULT NULL,
  `lastupdated` datetime DEFAULT NULL,
  PRIMARY KEY (`id`),
  UNIQUE KEY `id` (`id`)
) ENGINE=MyISAM AUTO_INCREMENT=16 DEFAULT CHARSET=latin1 COMMENT='Used to keep track of all Health conditions';
/*!40101 SET character_set_client = @saved_cs_client */;

--
-- Dumping data for table `healthcondition`
--

LOCK TABLES `healthcondition` WRITE;
/*!40000 ALTER TABLE `healthcondition` DISABLE KEYS */;
INSERT INTO `healthcondition` VALUES (9,'OBES','Obesity','testlink','2014-03-12 18:00:00','2014-03-12 19:00:00'),(10,'HERN','Hernia','testlink','2014-01-27 07:42:49','2014-01-27 07:42:49'),(11,'MIGR','Migraine','testlink','2014-01-27 07:42:49','2014-01-27 07:42:49'),(12,'EPIL','Epilepsy','testlink','2014-01-27 07:42:49','2014-01-27 07:42:49'),(13,'INSO','Insomina','testlink','2014-01-27 07:42:49','2014-01-27 07:42:49'),(8,'NASA','Spring Allergies','testlink','2014-02-02 06:06:00','2014-02-02 06:06:00'),(7,'PREG','Pregnancy','testlink','2014-02-02 06:06:00','2014-02-02 06:06:00'),(6,'CANC','Cancer','testlink','2014-01-27 07:42:49','2014-01-27 07:42:49'),(5,'ANXT','Anxiety','testlink','2014-01-27 07:42:49','2014-01-27 07:42:49'),(4,'BRAS','Asthma','testlink','2014-01-27 07:42:49','2014-01-27 07:42:49'),(3,'DBTS','Diabetes','testlink','2014-01-27 07:42:49','2014-01-27 07:42:49'),(2,'COHD','Heart Disease','testlink','2014-01-27 07:42:49','2014-01-27 07:42:49'),(1,'DEF','No Health Condition','testlink','2014-03-12 18:00:00','2014-03-12 18:00:00'),(14,'DEPR','Depression','testlink','2014-01-27 07:42:49','2014-01-27 07:42:49'),(15,'HYTN','Hypertension','testlink','2014-01-27 07:42:49','2014-01-27 07:42:49');
/*!40000 ALTER TABLE `healthcondition` ENABLE KEYS */;
UNLOCK TABLES;

--
-- Table structure for table `healthcondition_bckup`
--

DROP TABLE IF EXISTS `healthcondition_bckup`;
/*!40101 SET @saved_cs_client     = @@character_set_client */;
/*!40101 SET character_set_client = utf8 */;
CREATE TABLE `healthcondition_bckup` (
  `id` int(10) unsigned NOT NULL AUTO_INCREMENT,
  `conditions` text,
  `des` text,
  `link` text,
  `hcode` varchar(15) DEFAULT NULL,
  `created` datetime DEFAULT NULL,
  `lastupdated` datetime DEFAULT NULL,
  PRIMARY KEY (`id`),
  UNIQUE KEY `id` (`id`)
) ENGINE=MyISAM AUTO_INCREMENT=6 DEFAULT CHARSET=latin1 COMMENT='Used to keep track of all Health conditions';
/*!40101 SET character_set_client = @saved_cs_client */;

--
-- Dumping data for table `healthcondition_bckup`
--

LOCK TABLES `healthcondition_bckup` WRITE;
/*!40000 ALTER TABLE `healthcondition_bckup` DISABLE KEYS */;
INSERT INTO `healthcondition_bckup` VALUES (1,'DMTS','Diabetes','testlink','1','2014-01-27 07:42:49','2014-01-27 07:42:49'),(2,'HYTN','Hypertension','testlink','2','2014-02-02 06:06:00','2014-02-02 06:06:00'),(3,'OBES','Obesity - overweight','testlink','3','2014-03-12 18:00:00','2014-03-12 19:00:00'),(4,'DEF','No Health Condition','testlink','0','2014-03-12 18:00:00','2014-03-12 18:00:00'),(5,'DMTS','Diabetes','testlink','1','2014-01-27 07:42:49','2014-01-27 07:42:49');
/*!40000 ALTER TABLE `healthcondition_bckup` ENABLE KEYS */;
UNLOCK TABLES;

--
-- Table structure for table `paymentHistory`
--

DROP TABLE IF EXISTS `paymentHistory`;
/*!40101 SET @saved_cs_client     = @@character_set_client */;
/*!40101 SET character_set_client = utf8 */;
CREATE TABLE `paymentHistory` (
  `id` varchar(15) NOT NULL,
  `purchaseMethod` int(11) DEFAULT NULL,
  `paymentType` int(11) DEFAULT NULL,
  `billedAmount` varchar(100) DEFAULT NULL,
  `transactionId` varchar(100) DEFAULT NULL,
  `otherDetails` varchar(1000) DEFAULT NULL,
  `created` datetime DEFAULT NULL,
  `lastupdated` datetime DEFAULT NULL
) ENGINE=MyISAM DEFAULT CHARSET=latin1;
/*!40101 SET character_set_client = @saved_cs_client */;

--
-- Dumping data for table `paymentHistory`
--

LOCK TABLES `paymentHistory` WRITE;
/*!40000 ALTER TABLE `paymentHistory` DISABLE KEYS */;
INSERT INTO `paymentHistory` VALUES ('1',2,0,'10','2215000040','1|1|1|This transaction has been approved.|0L5R78|Y|2215000040||101 Yrs Subscription/Gift Payment|10.00|CC|auth_capture||R|P||100 Main St||CA|94599||||||||||||||||||E37CF6A0D78EAA1047AD2644D8816F02||2|||||||||||XXXX1111|Visa||||||||||||||||','2014-06-17 03:48:50','2014-06-17 03:48:50'),('1',2,0,'60','2215000054','1|1|1|This transaction has been approved.|DMCMPN|Y|2215000054||101 Yrs Subscription/Gift Payment|60.00|CC|auth_capture||a|a||a||CA|11111||||||||||||||||||E06CFA0D240B810CF874C55CAE4DBD3D||2|||||||||||XXXX1111|Visa||||||||||||||||','2014-06-17 03:50:00','2014-06-17 03:50:00');
/*!40000 ALTER TABLE `paymentHistory` ENABLE KEYS */;
UNLOCK TABLES;

--
-- Table structure for table `resetPassword`
--

DROP TABLE IF EXISTS `resetPassword`;
/*!40101 SET @saved_cs_client     = @@character_set_client */;
/*!40101 SET character_set_client = utf8 */;
CREATE TABLE `resetPassword` (
  `id` int(11) NOT NULL AUTO_INCREMENT,
  `userId` int(11) DEFAULT NULL,
  `resetRequestOn` datetime DEFAULT NULL,
  `resetOn` datetime DEFAULT NULL,
  `resetToken` varchar(100) DEFAULT NULL,
  PRIMARY KEY (`id`)
) ENGINE=MyISAM AUTO_INCREMENT=2 DEFAULT CHARSET=latin1;
/*!40101 SET character_set_client = @saved_cs_client */;

--
-- Dumping data for table `resetPassword`
--

LOCK TABLES `resetPassword` WRITE;
/*!40000 ALTER TABLE `resetPassword` DISABLE KEYS */;
INSERT INTO `resetPassword` VALUES (1,24,'2014-07-24 17:06:48',NULL,'9lotna26b77ccpejot2443bo3d');
/*!40000 ALTER TABLE `resetPassword` ENABLE KEYS */;
UNLOCK TABLES;

--
-- Table structure for table `sponsors`
--

DROP TABLE IF EXISTS `sponsors`;
/*!40101 SET @saved_cs_client     = @@character_set_client */;
/*!40101 SET character_set_client = utf8 */;
CREATE TABLE `sponsors` (
  `id` int(10) unsigned NOT NULL AUTO_INCREMENT,
  `companyName` varchar(100) DEFAULT NULL,
  `contactFName` varchar(45) DEFAULT NULL,
  `contactLName` varchar(45) DEFAULT NULL,
  `emailId` varchar(45) DEFAULT NULL,
  `otherDetails` varchar(1000) DEFAULT NULL,
  `created` datetime DEFAULT NULL,
  `lastUpdated` datetime DEFAULT NULL,
  PRIMARY KEY (`id`),
  UNIQUE KEY `id` (`id`)
) ENGINE=MyISAM DEFAULT CHARSET=latin1 COMMENT='Used to keep track of all our sponsors';
/*!40101 SET character_set_client = @saved_cs_client */;

--
-- Dumping data for table `sponsors`
--

LOCK TABLES `sponsors` WRITE;
/*!40000 ALTER TABLE `sponsors` DISABLE KEYS */;
/*!40000 ALTER TABLE `sponsors` ENABLE KEYS */;
UNLOCK TABLES;

--
-- Table structure for table `systemPreference`
--

DROP TABLE IF EXISTS `systemPreference`;
/*!40101 SET @saved_cs_client     = @@character_set_client */;
/*!40101 SET character_set_client = utf8 */;
CREATE TABLE `systemPreference` (
  `id` int(10) unsigned NOT NULL AUTO_INCREMENT,
  `increment` int(10) DEFAULT NULL,
  `promoteScore` int(10) DEFAULT NULL,
  `maxScore` int(10) DEFAULT NULL,
  `courseDuration` int(10) DEFAULT NULL,
  `created` datetime DEFAULT NULL,
  `lastUpdated` datetime DEFAULT NULL,
  `freeUserSequencesM` int(11) DEFAULT NULL,
  `freeUserSequencesA` int(11) DEFAULT NULL,
  `freeUserSequencesE` int(11) DEFAULT NULL,
  `systemPreferencecol` varchar(45) DEFAULT NULL,
  `movingAvg` varchar(10) DEFAULT NULL,
  PRIMARY KEY (`id`),
  UNIQUE KEY `id` (`id`)
) ENGINE=MyISAM AUTO_INCREMENT=2 DEFAULT CHARSET=latin1 COMMENT='Used to keep track of all system settings';
/*!40101 SET character_set_client = @saved_cs_client */;

--
-- Dumping data for table `systemPreference`
--

LOCK TABLES `systemPreference` WRITE;
/*!40000 ALTER TABLE `systemPreference` DISABLE KEYS */;
INSERT INTO `systemPreference` VALUES (1,10,50,60,10,'2014-03-18 12:19:29','2014-03-18 12:19:29',3,3,3,NULL,'1');
/*!40000 ALTER TABLE `systemPreference` ENABLE KEYS */;
UNLOCK TABLES;

--
-- Table structure for table `userCalibration`
--

DROP TABLE IF EXISTS `userCalibration`;
/*!40101 SET @saved_cs_client     = @@character_set_client */;
/*!40101 SET character_set_client = utf8 */;
CREATE TABLE `userCalibration` (
  `id` int(10) unsigned NOT NULL AUTO_INCREMENT,
  `userId` int(10) DEFAULT NULL,
  `cycle` int(10) DEFAULT NULL,
  `ratio` varchar(100) DEFAULT NULL,
  `metrics` text,
  `created` datetime DEFAULT NULL,
  `lastUpdated` datetime DEFAULT NULL,
  PRIMARY KEY (`id`),
  UNIQUE KEY `id` (`id`),
  KEY `userId` (`userId`)
) ENGINE=MyISAM AUTO_INCREMENT=29 DEFAULT CHARSET=latin1 COMMENT='Used to keep track of all user calibration';
/*!40101 SET character_set_client = @saved_cs_client */;

--
-- Dumping data for table `userCalibration`
--

LOCK TABLES `userCalibration` WRITE;
/*!40000 ALTER TABLE `userCalibration` DISABLE KEYS */;
INSERT INTO `userCalibration` VALUES (1,4,20,'2:2','[{\"inHaleTime\":\"1\",\"exHaleTime\":\"1\"}]','2014-06-22 16:11:16','2014-06-22 16:11:16'),(2,2,20,'2:2','[{\"inHaleTime\":\"10\",\"exHaleTime\":\"10\"}]','2014-06-23 11:41:57','2014-06-23 11:41:57'),(3,8,20,'2:2','[{\"inHaleTime\":\"0\",\"exHaleTime\":\"0\"}]','2014-06-26 21:09:06','2014-06-26 21:09:06'),(4,8,20,'2:2','[{\"inHaleTime\":\"0\",\"exHaleTime\":\"0\"}]','2014-06-26 21:23:45','2014-06-26 21:23:45'),(5,4,20,'2:2','[{\"inHaleTime\":\"0\",\"exHaleTime\":\"0\"}]','2014-06-27 06:28:18','2014-06-27 06:28:18'),(6,2,20,'2:2','[{\"inHaleTime\":\"0\",\"exHaleTime\":\"0\"}]','2014-06-30 06:20:35','2014-06-30 06:20:35'),(7,2,20,'2:2','[{\"inHaleTime\":\"0\",\"exHaleTime\":\"0\"}]','2014-06-30 07:22:40','2014-06-30 07:22:40'),(8,4,20,'2:2','[{\"inHaleTime\":\"0\",\"exHaleTime\":\"0\"}]','2014-07-02 10:55:36','2014-07-02 10:55:36'),(9,4,20,'2:2','[{\"inHaleTime\":\"0\",\"exHaleTime\":\"0\"}]','2014-07-05 02:33:27','2014-07-05 02:33:27'),(10,4,20,'2:2','[{\"inHaleTime\":\"0\",\"exHaleTime\":\"0\"}]','2014-07-05 02:33:34','2014-07-05 02:33:34'),(11,4,20,'2:2','[{\"inHaleTime\":\"0\",\"exHaleTime\":\"0\"}]','2014-07-07 18:34:17','2014-07-07 18:34:17'),(12,4,20,'2:2','[{\"inHaleTime\":\"0\",\"exHaleTime\":\"0\"}]','2014-07-11 05:22:30','2014-07-11 05:22:30'),(13,4,20,'2:2','[{\"inHaleTime\":\"0\",\"exHaleTime\":\"0\"}]','2014-07-11 05:22:38','2014-07-11 05:22:38'),(14,21,20,'2:2','[{\"inHaleTime\":\"4\",\"exHaleTime\":\"3\"}]','2014-07-13 19:28:50','2014-07-13 19:28:50'),(15,21,20,'2:2','[{\"inHaleTime\":\"0\",\"exHaleTime\":\"0\"}]','2014-07-16 07:21:44','2014-07-16 07:21:44'),(16,21,20,'2:2','[{\"inHaleTime\":\"0\",\"exHaleTime\":\"0\"}]','2014-07-18 05:01:39','2014-07-18 05:01:39'),(17,21,20,'2:2','[{\"inHaleTime\":\"0\",\"exHaleTime\":\"0\"}]','2014-07-18 05:02:16','2014-07-18 05:02:16'),(18,4,20,'2:2','[{\"inHaleTime\":\"4\",\"exHaleTime\":\"3\"}]','2014-07-21 12:09:28','2014-07-21 12:09:28'),(19,4,20,'2:2','[{\"inHaleTime\":\"4\",\"exHaleTime\":\"3\"}]','2014-07-21 16:53:30','2014-07-21 16:53:30'),(20,4,20,'2:2','[{\"inHaleTime\":\"0\",\"exHaleTime\":\"0\"}]','2014-07-21 17:01:07','2014-07-21 17:01:07'),(21,4,20,'2:2','[{\"inHaleTime\":\"8\",\"exHaleTime\":\"8\"}]','2014-07-21 17:11:19','2014-07-21 17:11:19'),(22,4,20,'2:2','[{\"inHaleTime\":\"5\",\"exHaleTime\":\"5\"}]','2014-07-21 17:14:57','2014-07-21 17:14:57'),(23,4,20,'2:2','[{\"inHaleTime\":\"0\",\"exHaleTime\":\"0\"}]','2014-07-21 17:17:57','2014-07-21 17:17:57'),(24,4,20,'2:2','[{\"inHaleTime\":\"0\",\"exHaleTime\":\"0\"}]','2014-07-21 17:18:04','2014-07-21 17:18:04'),(25,4,20,'2:2','[{\"inHaleTime\":\"0\",\"exHaleTime\":\"0\"}]','2014-07-21 17:18:07','2014-07-21 17:18:07'),(26,4,20,'2:2','[{\"inHaleTime\":\"0\",\"exHaleTime\":\"0\"}]','2014-07-21 17:18:09','2014-07-21 17:18:09'),(27,4,20,'2:2','[{\"inHaleTime\":\"0\",\"exHaleTime\":\"0\"}]','2014-07-21 17:19:25','2014-07-21 17:19:25'),(28,4,20,'2:2','[{\"inHaleTime\":\"5\",\"exHaleTime\":\"5\"}]','2014-07-21 17:24:02','2014-07-21 17:24:02');
/*!40000 ALTER TABLE `userCalibration` ENABLE KEYS */;
UNLOCK TABLES;

--
-- Table structure for table `userCourseLog`
--

DROP TABLE IF EXISTS `userCourseLog`;
/*!40101 SET @saved_cs_client     = @@character_set_client */;
/*!40101 SET character_set_client = utf8 */;
CREATE TABLE `userCourseLog` (
  `logid` int(10) unsigned NOT NULL AUTO_INCREMENT,
  `userId` int(10) unsigned NOT NULL,
  `loginDateTime` datetime DEFAULT NULL,
  `logoutDateTime` datetime DEFAULT NULL,
  `startTime` varchar(20) DEFAULT NULL,
  `endTime` varchar(20) DEFAULT NULL,
  `courseId` int(10) DEFAULT NULL,
  `courseDuration` decimal(10,4) DEFAULT NULL,
  `ipAddress` varchar(15) DEFAULT NULL,
  `inhaleTime` decimal(10,4) DEFAULT NULL,
  `exhaleTime` decimal(10,4) DEFAULT NULL,
  `retentionTime` decimal(10,4) DEFAULT NULL,
  `otherTime` decimal(10,4) DEFAULT NULL,
  `courseBucket` varchar(100) DEFAULT NULL,
  `score` decimal(10,4) DEFAULT NULL,
  `created` datetime DEFAULT NULL,
  `lastUpdated` datetime DEFAULT NULL,
  `deviceName` varchar(45) DEFAULT NULL,
  `btId` varchar(45) DEFAULT NULL,
  `courseModule` varchar(45) DEFAULT NULL,
  `currentLevel` varchar(45) DEFAULT NULL,
  PRIMARY KEY (`logid`),
  UNIQUE KEY `logid` (`logid`)
) ENGINE=MyISAM AUTO_INCREMENT=175 DEFAULT CHARSET=latin1 COMMENT='Used to keep track of all User logs';
/*!40101 SET character_set_client = @saved_cs_client */;

--
-- Dumping data for table `userCourseLog`
--

LOCK TABLES `userCourseLog` WRITE;
/*!40000 ALTER TABLE `userCourseLog` DISABLE KEYS */;
INSERT INTO `userCourseLog` VALUES (1,2,NULL,NULL,'147241877','147241889',20,12.0000,'10.155.65.231',6.0000,6.0000,0.0000,NULL,'E',100.0000,'2014-06-17 19:36:14','2014-06-17 19:36:14',NULL,'2','M1','L1'),(2,2,NULL,NULL,'147319679','147319779',11,100.0000,'10.155.65.231',50.0000,50.0000,3.0000,NULL,'M',100.0000,'2014-06-17 19:37:31','2014-06-17 19:37:31',NULL,'2','M1','L1'),(3,2,NULL,NULL,'147445480','147445491',19,11.0000,'10.155.65.231',5.0000,5.0000,0.0000,NULL,'E',100.0000,'2014-06-17 19:39:38','2014-06-17 19:39:38',NULL,'2','M1','L1'),(4,4,NULL,NULL,'148254461','148254472',19,11.0000,'10.155.65.231',5.0000,5.0000,0.0000,NULL,'E',100.0000,'2014-06-17 19:53:23','2014-06-17 19:53:23',NULL,'2','M1','L1'),(5,4,NULL,NULL,'172020679','172020691',20,12.0000,'192.168.1.130',6.0000,6.0000,0.0000,NULL,'E',100.0000,'2014-06-18 02:55:48','2014-06-18 02:55:48',NULL,'2','M1','L1'),(6,4,NULL,NULL,'172511357','172511460',17,103.0000,'192.168.1.130',51.0000,51.0000,3.0000,NULL,'A',100.0000,'2014-06-18 03:03:57','2014-06-18 03:03:57',NULL,'2','M1','L1'),(7,4,NULL,NULL,'172807686','172807696',13,10.0000,'192.168.1.130',5.0000,5.0000,0.0000,NULL,'M',100.0000,'2014-06-18 03:08:54','2014-06-18 03:08:54',NULL,'2','M1','L1'),(8,4,NULL,NULL,'172890808','172890911',17,103.0000,'192.168.1.130',51.0000,51.0000,3.0000,NULL,'A',100.0000,'2014-06-18 03:10:17','2014-06-18 03:10:17',NULL,'2','M1','L1'),(9,4,NULL,NULL,'172988368','172988380',20,12.0000,'192.168.1.130',6.0000,6.0000,0.0000,NULL,'E',100.0000,'2014-06-18 03:11:54','2014-06-18 03:11:54',NULL,'2','M1','L1'),(10,4,NULL,NULL,'173051685','173051697',20,12.0000,'192.168.1.130',6.0000,6.0000,0.0000,NULL,'E',100.0000,'2014-06-18 03:12:58','2014-06-18 03:12:58',NULL,'2','M1','L1'),(11,4,NULL,NULL,'216256846','216256946',11,100.0000,'192.168.1.130',50.0000,50.0000,3.0000,NULL,'M',100.0000,'2014-06-19 05:04:44','2014-06-19 05:04:44',NULL,'2','M1','L1'),(12,4,NULL,NULL,'216348649','216348749',11,100.0000,'192.168.1.130',50.0000,50.0000,3.0000,NULL,'M',100.0000,'2014-06-19 05:06:15','2014-06-19 05:06:15',NULL,'2','M1','L1'),(13,4,NULL,NULL,'285165867','285165967',11,100.0000,'192.168.1.130',50.0000,50.0000,3.0000,NULL,'M',100.0000,'2014-06-20 15:50:24','2014-06-20 15:50:24',NULL,'2','M1','L1'),(14,4,NULL,NULL,'360407616','360407716',11,100.0000,'172.16.159.150',50.0000,50.0000,3.0000,NULL,'M',100.0000,'2014-06-21 22:50:17','2014-06-21 22:50:17',NULL,'2','M1','L1'),(15,4,NULL,NULL,'362896800','362896903',17,103.0000,'172.16.159.150',51.0000,51.0000,3.0000,NULL,'A',100.0000,'2014-06-21 23:44:31','2014-06-21 23:44:31',NULL,'2','M1','L2'),(16,4,NULL,NULL,'363066827','363066839',20,12.0000,'172.16.159.150',6.0000,6.0000,0.0000,NULL,'E',100.0000,'2014-06-21 23:47:21','2014-06-21 23:47:21',NULL,'2','M1','L2'),(17,4,NULL,NULL,'363793844','363793947',17,103.0000,'172.16.159.150',51.0000,51.0000,3.0000,NULL,'A',100.0000,'2014-06-22 00:12:35','2014-06-22 00:12:35',NULL,'2','M1','L2'),(18,4,NULL,NULL,'365502749','365502761',20,12.0000,'172.16.159.150',6.0000,6.0000,0.0000,NULL,'E',100.0000,'2014-06-22 00:41:05','2014-06-22 00:41:05',NULL,'2','M1','L1'),(19,4,NULL,NULL,'08:23','08:33',11,60.0000,NULL,10.0000,15.0000,2.0000,NULL,'Evening',0.0000,'2014-06-22 00:46:01','2014-06-22 00:46:01','mac',NULL,'M1','L1'),(20,4,NULL,NULL,'08:23','08:33',11,60.0000,NULL,10.0000,15.0000,2.0000,NULL,'Evening',36.0000,'2014-06-22 00:47:32','2014-06-22 00:47:32','mac',NULL,'M1','L1'),(21,4,NULL,NULL,'08:23','08:33',11,60.0000,NULL,10.0000,15.0000,2.0000,NULL,'Evening',36.0000,'2014-06-22 00:59:13','2014-06-22 00:59:13','mac',NULL,'M1','L1'),(22,4,NULL,NULL,'08:23','08:33',11,60.0000,NULL,10.0000,15.0000,2.0000,NULL,'Evening',10.0000,'2014-06-22 01:17:46','2014-06-22 01:17:46','mac',NULL,NULL,NULL),(23,4,NULL,NULL,'08:23','08:33',11,60.0000,NULL,10.0000,15.0000,2.0000,NULL,'Evening',10.0000,'2014-06-22 01:17:54','2014-06-22 01:17:54','mac',NULL,NULL,NULL),(24,4,NULL,NULL,'08:23','08:33',11,60.0000,NULL,10.0000,15.0000,2.0000,NULL,'Evening',10.0000,'2014-06-22 01:18:25','2014-06-22 01:18:25','mac',NULL,NULL,NULL),(25,4,NULL,NULL,'08:23','08:33',11,60.0000,NULL,10.0000,15.0000,2.0000,NULL,'Evening',10.0000,'2014-06-22 01:18:36','2014-06-22 01:18:36','mac',NULL,NULL,NULL),(26,4,NULL,NULL,'08:23','08:33',11,60.0000,NULL,10.0000,15.0000,2.0000,NULL,'Evening',10.0000,'2014-06-22 01:19:51','2014-06-22 01:19:51','mac',NULL,NULL,NULL),(27,4,NULL,NULL,'08:23','08:33',11,60.0000,NULL,10.0000,15.0000,2.0000,NULL,'Evening',10.0000,'2014-06-22 01:25:22','2014-06-22 01:25:22','mac',NULL,NULL,NULL),(28,4,NULL,NULL,'08:23','08:33',11,60.0000,NULL,10.0000,15.0000,2.0000,NULL,'Evening',10.0000,'2014-06-22 01:29:38','2014-06-22 01:29:38','mac',NULL,NULL,NULL),(29,4,NULL,NULL,'08:23','08:33',11,60.0000,NULL,10.0000,15.0000,2.0000,NULL,'Evening',10.0000,'2014-06-22 01:34:21','2014-06-22 01:34:21','mac',NULL,NULL,NULL),(30,4,NULL,NULL,'08:23','08:33',11,60.0000,NULL,10.0000,15.0000,2.0000,NULL,'Evening',10.0000,'2014-06-22 01:39:29','2014-06-22 01:39:29','mac',NULL,NULL,NULL),(31,4,NULL,NULL,'08:23','08:33',11,60.0000,NULL,10.0000,15.0000,2.0000,NULL,'Evening',10.0000,'2014-06-22 01:39:43','2014-06-22 01:39:43','mac','1',NULL,NULL),(32,4,NULL,NULL,'08:23','08:33',11,60.0000,NULL,10.0000,15.0000,2.0000,NULL,'Evening',10.0000,'2014-06-22 01:40:13','2014-06-22 01:40:13','mac','1',NULL,NULL),(33,4,NULL,NULL,'08:23','08:33',2,60.0000,NULL,10.0000,15.0000,2.0000,NULL,'Evening',10.0000,'2014-06-22 01:43:29','2014-06-22 01:43:29','mac','12',NULL,NULL),(34,4,NULL,NULL,'08:23','08:33',2,60.0000,NULL,10.0000,15.0000,2.0000,NULL,'Evening',10.0000,'2014-06-22 01:43:44','2014-06-22 01:43:44','mac','12',NULL,NULL),(35,4,NULL,NULL,'08:23','08:33',2,60.0000,NULL,10.0000,15.0000,2.0000,NULL,'Evening',10.0000,'2014-06-22 01:44:08','2014-06-22 01:44:08','mac','12',NULL,NULL),(36,4,NULL,NULL,'08:23','08:33',2,60.0000,NULL,10.0000,15.0000,2.0000,NULL,'Evening',10.0000,'2014-06-22 01:45:10','2014-06-22 01:45:10','mac','12',NULL,NULL),(37,4,NULL,NULL,'08:23','08:33',2,60.0000,NULL,10.0000,15.0000,2.0000,NULL,'Evening',10.0000,'2014-06-22 01:45:47','2014-06-22 01:45:47','mac','12',NULL,NULL),(38,4,NULL,NULL,'08:23','08:33',2,60.0000,NULL,10.0000,15.0000,2.0000,NULL,'Evening',10.0000,'2014-06-22 01:46:46','2014-06-22 01:46:46','mac','12',NULL,NULL),(39,4,NULL,NULL,'08:23','08:33',2,60.0000,NULL,10.0000,15.0000,2.0000,NULL,'Evening',10.0000,'2014-06-22 01:47:05','2014-06-22 01:47:05','mac','12',NULL,NULL),(40,4,NULL,NULL,'08:23','08:33',2,60.0000,NULL,10.0000,15.0000,2.0000,NULL,'Evening',10.0000,'2014-06-22 01:47:19','2014-06-22 01:47:19','mac','12',NULL,NULL),(41,4,NULL,NULL,'08:23','08:33',11,60.0000,NULL,10.0000,15.0000,2.0000,NULL,'Evening',10.0000,'2014-06-22 01:49:28','2014-06-22 01:49:28','mac','12',NULL,NULL),(42,4,NULL,NULL,'08:23','08:33',11,60.0000,NULL,10.0000,15.0000,2.0000,NULL,'Evening',10.0000,'2014-06-22 01:51:30','2014-06-22 01:51:30','mac','12',NULL,NULL),(43,4,NULL,NULL,'08:23','08:33',11,60.0000,NULL,10.0000,15.0000,2.0000,NULL,'Evening',10.0000,'2014-06-22 01:52:03','2014-06-22 01:52:03','mac','11',NULL,NULL),(44,4,NULL,NULL,'08:23','08:33',11,60.0000,NULL,10.0000,15.0000,2.0000,NULL,'Evening',10.0000,'2014-06-22 01:58:57','2014-06-22 01:58:57','mac','11',NULL,NULL),(45,4,NULL,NULL,'08:23','08:33',11,60.0000,NULL,10.0000,15.0000,2.0000,NULL,'Evening',10.0000,'2014-06-22 02:01:24','2014-06-22 02:01:24','mac','11',NULL,NULL),(46,4,NULL,NULL,'08:23','08:33',11,60.0000,NULL,10.0000,15.0000,2.0000,NULL,'Evening',10.0000,'2014-06-22 02:01:24','2014-06-22 02:01:24','mac','11',NULL,NULL),(47,4,NULL,NULL,'08:23','08:33',11,70.0000,NULL,10.0000,15.0000,2.0000,NULL,'Evening',36.0000,'2014-06-22 02:01:54','2014-06-22 02:01:54','mac','11','M1','L1'),(48,4,NULL,NULL,'08:23','08:33',11,70.0000,NULL,10.0000,15.0000,2.0000,NULL,'Evening',36.0000,'2014-06-22 02:02:48','2014-06-22 02:02:48','mac','11','M1','L1'),(49,4,NULL,NULL,'08:23','08:33',11,70.0000,NULL,10.0000,15.0000,2.0000,NULL,'Evening',36.0000,'2014-06-22 02:04:21','2014-06-22 02:04:21','mac','11','M1','L1'),(50,4,NULL,NULL,'08:23','08:33',11,70.0000,NULL,10.0000,15.0000,2.0000,NULL,'Evening',36.0000,'2014-06-22 02:05:12','2014-06-22 02:05:12','mac','11','M1','L1'),(51,4,NULL,NULL,'08:23','08:33',11,60.0000,NULL,10.0000,15.0000,2.0000,NULL,'Evening',10.0000,'2014-06-22 03:36:13','2014-06-22 03:36:13','mac','11',NULL,NULL),(52,4,NULL,NULL,'08:23','08:33',11,6.0000,NULL,10.0000,15.0000,2.0000,NULL,'Evening',0.0000,'2014-06-22 03:36:54','2014-06-22 03:36:54','mac','11',NULL,NULL),(53,4,NULL,NULL,'08:23','08:33',11,60.0000,NULL,10.0000,15.0000,2.0000,NULL,'Evening',10.0000,'2014-06-22 03:39:41','2014-06-22 03:39:41','mac','11',NULL,NULL),(54,4,NULL,NULL,'08:23','08:33',11,60.0000,NULL,10.0000,15.0000,2.0000,NULL,'Evening',10.0000,'2014-06-22 03:41:57','2014-06-22 03:41:57','mac','11',NULL,NULL),(55,4,NULL,NULL,'08:23','08:33',11,60.0000,NULL,10.0000,15.0000,2.0000,NULL,'Evening',10.0000,'2014-06-22 03:44:02','2014-06-22 03:44:02','mac','11','M1','L1'),(56,4,NULL,NULL,'08:23','08:33',11,60.0000,NULL,10.0000,15.0000,2.0000,NULL,'Evening',10.0000,'2014-06-22 03:45:01','2014-06-22 03:45:01','mac','11','M1','L1'),(57,4,NULL,NULL,'08:23','08:33',11,60.0000,NULL,10.0000,15.0000,2.0000,NULL,'Evening',10.0000,'2014-06-22 03:48:03','2014-06-22 03:48:03','mac','11','M1','L1'),(58,4,NULL,NULL,'08:23','08:33',11,60.0000,NULL,10.0000,15.0000,2.0000,NULL,'Evening',10.0000,'2014-06-22 03:50:11','2014-06-22 03:50:11','mac','11','M1','L1'),(59,4,NULL,NULL,'08:23','08:33',11,60.0000,NULL,10.0000,15.0000,2.0000,NULL,'Evening',10.0000,'2014-06-22 03:50:13','2014-06-22 03:50:13','mac','11','M1','L1'),(60,4,NULL,NULL,'08:23','08:33',11,60.0000,NULL,10.0000,15.0000,2.0000,NULL,'Evening',10.0000,'2014-06-22 03:50:15','2014-06-22 03:50:15','mac','11','M1','L1'),(61,4,NULL,NULL,'08:23','08:33',11,60.0000,NULL,10.0000,15.0000,2.0000,NULL,'Evening',10.0000,'2014-06-22 03:51:03','2014-06-22 03:51:03','mac','11','M1','L1'),(62,4,NULL,NULL,'08:23','08:33',11,60.0000,NULL,10.0000,15.0000,2.0000,NULL,'Evening',10.0000,'2014-06-22 04:10:00','2014-06-22 04:10:00','mac','11','M1','L1'),(63,4,NULL,NULL,'08:23','08:33',11,60.0000,NULL,10.0000,15.0000,2.0000,NULL,'Evening',10.0000,'2014-06-22 04:10:54','2014-06-22 04:10:54','mac','11','M1','L1'),(64,4,NULL,NULL,'08:23','08:33',11,60.0000,NULL,10.0000,15.0000,2.0000,NULL,'Evening',10.0000,'2014-06-22 15:16:59','2014-06-22 15:16:59','mac','11','M1','L1'),(65,4,NULL,NULL,'08:23','08:33',11,60.0000,NULL,10.0000,15.0000,2.0000,NULL,'Evening',10.0000,'2014-06-22 15:17:22','2014-06-22 15:17:22','mac','11','M1','L1'),(66,4,NULL,NULL,'08:23','08:33',11,60.0000,NULL,10.0000,15.0000,2.0000,NULL,'Evening',10.0000,'2014-06-22 15:18:56','2014-06-22 15:18:56','mac','11','M1','L2'),(67,4,NULL,NULL,'08:23','08:33',11,60.0000,NULL,10.0000,15.0000,2.0000,NULL,'Evening',10.0000,'2014-06-22 15:18:59','2014-06-22 15:18:59','mac','11','M1','L1'),(68,4,NULL,NULL,'08:23','08:33',11,60.0000,NULL,10.0000,15.0000,2.0000,NULL,'Evening',10.0000,'2014-06-22 15:19:02','2014-06-22 15:19:02','mac','11','M1','L1'),(69,4,NULL,NULL,'08:23','08:33',11,60.0000,NULL,10.0000,15.0000,2.0000,NULL,'Evening',10.0000,'2014-06-22 15:31:14','2014-06-22 15:31:14','mac','11','M1','L1'),(70,4,NULL,NULL,'08:23','08:33',11,60.0000,NULL,10.0000,15.0000,2.0000,NULL,'Evening',10.0000,'2014-06-22 15:32:41','2014-06-22 15:32:41','mac','11','M1','L1'),(71,4,NULL,NULL,'08:23','08:33',11,60.0000,NULL,10.0000,15.0000,2.0000,NULL,'Evening',10.0000,'2014-06-22 15:57:33','2014-06-22 15:57:33','mac','11','M1','L2'),(72,4,NULL,NULL,'9976246','9976346',15,100.0000,'192.168.1.130',50.0000,50.0000,5.0000,NULL,'A',10.0000,'2014-06-22 16:25:17','2014-06-22 16:25:17',NULL,'2','M1','L1'),(73,4,NULL,NULL,'10117564','10117664',15,100.0000,'192.168.1.130',50.0000,50.0000,5.0000,NULL,'A',10.0000,'2014-06-22 16:27:38','2014-06-22 16:27:38',NULL,'2','M1','L1'),(74,4,NULL,NULL,'0','100',11,100.0000,'10.142.146.1',50.0000,50.0000,3.0000,NULL,'M',10.0000,'2014-06-22 16:30:36','2014-06-22 16:30:36',NULL,'2','M1','L1'),(75,4,NULL,NULL,'10343090','10343190',11,100.0000,'192.168.1.130',50.0000,50.0000,3.0000,NULL,'M',10.0000,'2014-06-22 16:31:24','2014-06-22 16:31:24',NULL,'2','M1','L1'),(76,4,NULL,NULL,'10660631','10660731',15,100.0000,'192.168.1.130',50.0000,50.0000,5.0000,NULL,'A',10.0000,'2014-06-22 16:36:42','2014-06-22 16:36:42',NULL,'2','M1','L1'),(77,8,NULL,NULL,'210002239','210002251',20,12.0000,'192.168.1.112',6.0000,6.0000,0.0000,NULL,'E',10.0000,'2014-06-26 20:51:52','2014-06-26 20:51:52',NULL,'2','M1','L1'),(78,8,NULL,NULL,'210090019','210090030',19,11.0000,'192.168.1.112',5.0000,5.0000,0.0000,NULL,'E',10.0000,'2014-06-26 20:53:20','2014-06-26 20:53:20',NULL,'2','M1','L1'),(79,4,NULL,NULL,'254018132','254024503',15,6371.0000,'10.234.133.87',3185.0000,3185.0000,6371.0000,NULL,'A',10.0000,'2014-07-04 00:22:23','2014-07-04 00:22:23',NULL,'2','M1','L1'),(80,4,NULL,NULL,'347008075','347012942',11,4867.0000,'192.168.1.16',2433.0000,2433.0000,1622.0000,NULL,'M',10.0000,'2014-07-05 02:12:11','2014-07-05 02:12:11',NULL,'2','M1','L1'),(81,4,NULL,NULL,'348339208','348377411',21,38203.0000,'192.168.1.16',19101.0000,19101.0000,12734.0000,NULL,'M',10.0000,'2014-07-05 02:34:56','2014-07-05 02:34:56',NULL,'2','M1','L1'),(82,4,NULL,NULL,'86301411','86309897',110,8486.0000,'10.84.123.69',4243.0000,4243.0000,4243.0000,NULL,'A',10.0000,'2014-07-06 12:46:32','2014-07-06 12:46:32',NULL,'2','M1','L3'),(83,4,NULL,NULL,'86322469','86329317',110,6848.0000,'10.84.123.69',3424.0000,3424.0000,3424.0000,NULL,'A',10.0000,'2014-07-06 12:46:51','2014-07-06 12:46:51',NULL,'2','M1','L3'),(84,4,NULL,NULL,'86725477','86732322',110,6845.0000,'10.84.123.69',3422.0000,3422.0000,0.0000,NULL,'A',10.0000,'2014-07-06 12:53:34','2014-07-06 12:53:34',NULL,'2','M1','L3'),(85,4,NULL,NULL,'87828970','87850778',110,21808.0000,'10.84.123.69',10904.0000,10904.0000,3115.0000,NULL,'A',10.0000,'2014-07-06 13:24:24','2014-07-06 13:24:24',NULL,'2','M1','L3'),(86,4,NULL,NULL,'88610074','88635905',111,25831.0000,'10.84.123.69',12915.0000,12915.0000,25831.0000,NULL,'A',10.0000,'2014-07-06 13:37:28','2014-07-06 13:37:28',NULL,'2','M1','L3'),(87,21,NULL,NULL,'208900424','208930304',1,12.0000,'192.168.1.2',6.0000,6.0000,0.0000,NULL,'A',10.0000,'2014-07-18 15:38:18','2014-07-18 15:38:18',NULL,'2','M1','L1'),(88,21,NULL,NULL,'87014968','87420127',219,12.0000,'192.168.1.112',6.0000,6.0000,0.0000,NULL,'A',10.0000,'2014-07-19 06:00:51','2014-07-19 06:00:51',NULL,'2','M1','L1'),(89,22,NULL,NULL,'33242649','33706740',173,12.0000,'192.168.1.106',6.0000,6.0000,0.0000,NULL,'M',10.0000,'2014-07-19 06:28:55','2014-07-19 06:28:55',NULL,'2','M1','L1'),(90,4,NULL,NULL,'90708902','91169441',238,12.0000,'192.168.1.112',6.0000,6.0000,0.0000,NULL,'M',10.0000,'2014-07-19 07:27:03','2014-07-19 07:27:03',NULL,'2','M1','L1'),(91,21,NULL,NULL,'104951963','105416054',173,12.0000,'192.168.1.130',6.0000,6.0000,0.0000,NULL,'M',10.0000,'2014-07-19 18:19:05','2014-07-19 18:19:05',NULL,'2','M1','L1'),(92,21,NULL,NULL,'114905435','115361637',195,12.0000,'192.168.1.112',6.0000,6.0000,0.0000,NULL,'A',10.0000,'2014-07-20 01:25:48','2014-07-20 01:25:48',NULL,'2','M1','L1'),(93,21,NULL,NULL,'129276283','129728985',75,12.0000,'192.168.1.130',6.0000,6.0000,0.0000,NULL,'E',10.0000,'2014-07-20 07:34:04','2014-07-20 07:34:04',NULL,'2','M1','L1'),(94,21,NULL,NULL,'143634303','144077627',2,12.0000,'192.168.1.130',6.0000,6.0000,0.0000,NULL,'A',10.0000,'2014-07-20 19:55:37','2014-07-20 19:55:37',NULL,'2','M1','L1'),(95,23,NULL,NULL,'08:23','08:33',1,67.0000,NULL,10.0000,15.0000,2.0000,NULL,'Evening',0.0000,'2014-07-20 22:44:58','2014-07-20 22:44:58','mac',NULL,'M1','L1'),(96,23,NULL,NULL,'08:23','08:33',67,11.0000,NULL,10.0000,10.0000,2.0000,NULL,'Evening',0.0000,'2014-07-20 22:47:15','2014-07-20 22:47:15','mac',NULL,'M1','L1'),(97,23,NULL,NULL,'08:23','08:33',67,11.0000,NULL,10.0000,10.0000,2.0000,NULL,'Evening',0.0000,'2014-07-21 23:14:37','2014-07-21 23:14:37','mac',NULL,'M1','L1'),(98,23,NULL,NULL,'08:23','08:33',67,11.0000,NULL,10.0000,10.0000,2.0000,NULL,'Evening',10.0000,'2014-07-21 23:14:47','2014-07-21 23:14:47','mac',NULL,'M1','L7'),(99,23,NULL,NULL,'08:23','08:33',67,11.0000,NULL,10.0000,10.0000,2.0000,NULL,'Evening',10.0000,'2014-07-21 23:18:38','2014-07-21 23:18:38','mac',NULL,'M1','L7'),(100,21,NULL,NULL,'52835582','52835582',197,12.0000,'192.168.1.2',6.0000,6.0000,0.0000,NULL,'A',10.0000,'2014-07-22 04:10:09','2014-07-22 04:10:09',NULL,'2','M1','L3'),(101,21,NULL,NULL,'52879421','52879421',197,12.0000,'192.168.1.2',6.0000,6.0000,0.0000,NULL,'A',10.0000,'2014-07-22 04:10:53','2014-07-22 04:10:53',NULL,'2','M1','L3'),(102,21,NULL,NULL,'53137948','53137948',77,12.0000,'192.168.1.2',6.0000,6.0000,0.0000,NULL,'E',10.0000,'2014-07-22 04:15:12','2014-07-22 04:15:12',NULL,'2','M1','L3'),(103,21,NULL,NULL,'54430922','54430922',91,12.0000,'192.168.1.2',6.0000,6.0000,0.0000,NULL,'E',10.0000,'2014-07-22 04:36:44','2014-07-22 04:36:44',NULL,'2','M1','L3'),(104,21,NULL,NULL,'54548103','54548103',198,12.0000,'192.168.1.2',6.0000,6.0000,0.0000,NULL,'A',10.0000,'2014-07-22 04:38:42','2014-07-22 04:38:42',NULL,'2','M1','L3'),(105,21,NULL,NULL,'54643002','54643002',176,12.0000,'192.168.1.2',6.0000,6.0000,0.0000,NULL,'M',10.0000,'2014-07-22 04:40:17','2014-07-22 04:40:17',NULL,'2','M1','L5'),(106,21,NULL,NULL,'205586481','206042840',4,12.0000,'192.168.1.130',6.0000,6.0000,0.0000,NULL,'A',10.0000,'2014-07-22 05:08:07','2014-07-22 05:08:07',NULL,'2','M1','L4'),(107,21,NULL,NULL,'206347801','206800503',92,12.0000,'192.168.1.130',6.0000,6.0000,0.0000,NULL,'E',10.0000,'2014-07-22 05:23:04','2014-07-22 05:23:04',NULL,'2','M1','L4'),(108,23,NULL,NULL,'207478969','207916024',211,12.0000,'192.168.1.130',6.0000,6.0000,0.0000,NULL,'A',10.0000,'2014-07-22 05:48:19','2014-07-22 05:48:19',NULL,'2','M1','L7'),(109,23,NULL,NULL,'208061193','208563684',179,12.0000,'192.168.1.130',6.0000,6.0000,0.0000,NULL,'M',10.0000,'2014-07-22 05:59:07','2014-07-22 05:59:07',NULL,'2','M1','L7'),(110,23,NULL,NULL,'08:23','08:33',67,11.0000,NULL,10.0000,10.0000,2.0000,NULL,'Evening',10.0000,'2014-07-24 02:51:27','2014-07-24 02:51:27','mac',NULL,'M1','L7'),(111,23,NULL,NULL,'08:23','08:33',67,11.0000,NULL,10.0000,10.0000,2.0000,NULL,'Evening',10.0000,'2014-07-24 03:17:31','2014-07-24 03:17:31','mac',NULL,'M1','L7'),(112,23,NULL,NULL,'08:23','08:33',67,11.0000,NULL,10.0000,10.0000,2.0000,NULL,'Evening',10.0000,'2014-07-24 03:18:00','2014-07-24 03:18:00','mac',NULL,'M1','L7'),(113,23,NULL,NULL,'08:23','08:33',67,11.0000,NULL,10.0000,10.0000,2.0000,NULL,'Evening',10.0000,'2014-07-24 03:24:18','2014-07-24 03:24:18','mac',NULL,'M1','L7'),(114,23,NULL,NULL,'08:23','08:33',67,11.0000,NULL,10.0000,10.0000,2.0000,NULL,'Evening',10.0000,'2014-07-24 03:25:47','2014-07-24 03:25:47','mac',NULL,'M1','L7'),(115,23,NULL,NULL,'08:23','08:33',67,11.0000,NULL,10.0000,10.0000,2.0000,NULL,'Evening',10.0000,'2014-07-24 03:28:11','2014-07-24 03:28:11','mac',NULL,'M1','L7'),(116,23,NULL,NULL,'08:23','08:33',67,11.0000,NULL,10.0000,10.0000,2.0000,NULL,'Evening',10.0000,'2014-07-24 03:28:46','2014-07-24 03:28:46','mac',NULL,'M1','L7'),(117,23,NULL,NULL,'08:23','08:33',67,11.0000,NULL,10.0000,10.0000,2.0000,NULL,'Evening',10.0000,'2014-07-24 03:31:59','2014-07-24 03:31:59','mac',NULL,'M1','L7'),(118,23,NULL,NULL,'08:23','08:33',67,11.0000,NULL,10.0000,10.0000,2.0000,NULL,'Evening',10.0000,'2014-07-24 03:32:31','2014-07-24 03:32:31','mac',NULL,'M1','L7'),(119,23,NULL,NULL,'08:23','08:33',67,11.0000,NULL,10.0000,10.0000,2.0000,NULL,'Evening',10.0000,'2014-07-24 03:42:30','2014-07-24 03:42:30','mac',NULL,'M1','L7'),(120,23,NULL,NULL,'08:23','08:33',67,11.0000,NULL,10.0000,10.0000,2.0000,NULL,'Evening',10.0000,'2014-07-24 03:50:28','2014-07-24 03:50:28','mac',NULL,'M1','L7'),(121,23,NULL,NULL,'08:23','08:33',67,11.0000,NULL,10.0000,10.0000,2.0000,NULL,'Evening',10.0000,'2014-07-24 03:52:54','2014-07-24 03:52:54','mac',NULL,'M1','L7'),(122,23,NULL,NULL,'08:23','08:33',67,11.0000,NULL,10.0000,10.0000,2.0000,NULL,'Evening',10.0000,'2014-07-24 03:54:01','2014-07-24 03:54:01','mac',NULL,'M1','L7'),(123,23,NULL,NULL,'08:23','08:33',67,11.0000,NULL,10.0000,10.0000,2.0000,NULL,'Evening',10.0000,'2014-07-24 03:55:57','2014-07-24 03:55:57','mac',NULL,'M1','L7'),(124,23,NULL,NULL,'08:23','08:33',67,11.0000,NULL,10.0000,10.0000,2.0000,NULL,'Evening',10.0000,'2014-07-24 03:56:44','2014-07-24 03:56:44','mac',NULL,'M1','L7'),(125,23,NULL,NULL,'08:23','08:33',67,11.0000,NULL,10.0000,10.0000,2.0000,NULL,'Evening',10.0000,'2014-07-24 03:57:19','2014-07-24 03:57:19','mac',NULL,'M1','L7'),(126,23,NULL,NULL,'08:23','08:33',67,11.0000,NULL,10.0000,10.0000,2.0000,NULL,'Evening',10.0000,'2014-07-24 04:04:55','2014-07-24 04:04:55','mac',NULL,'M1','L7'),(127,23,NULL,NULL,'08:23','08:33',67,11.0000,NULL,10.0000,10.0000,2.0000,NULL,'Evening',10.0000,'2014-07-24 04:06:13','2014-07-24 04:06:13','mac',NULL,'M1','L7'),(128,23,NULL,NULL,'08:23','08:33',67,11.0000,NULL,10.0000,10.0000,2.0000,NULL,'Evening',10.0000,'2014-07-24 04:07:06','2014-07-24 04:07:06','mac',NULL,'M1','L7'),(129,23,NULL,NULL,'08:23','08:33',67,11.0000,NULL,10.0000,10.0000,2.0000,NULL,'Evening',10.0000,'2014-07-24 04:40:00','2014-07-24 04:40:00','mac',NULL,'M1','L7'),(130,23,NULL,NULL,'08:23','08:33',67,11.0000,NULL,10.0000,10.0000,2.0000,NULL,'Evening',10.0000,'2014-07-24 04:40:32','2014-07-24 04:40:32','mac',NULL,'M1','L7'),(131,23,NULL,NULL,'08:23','08:33',67,11.0000,NULL,10.0000,10.0000,2.0000,NULL,'Evening',10.0000,'2014-07-24 04:41:37','2014-07-24 04:41:37','mac',NULL,'M1','L7'),(132,23,NULL,NULL,'08:23','08:33',67,11.0000,NULL,10.0000,10.0000,2.0000,NULL,'Evening',10.0000,'2014-07-24 04:42:30','2014-07-24 04:42:30','mac',NULL,'M1','L7'),(133,23,NULL,NULL,'08:23','08:33',67,11.0000,NULL,10.0000,10.0000,2.0000,NULL,'Evening',10.0000,'2014-07-24 04:42:52','2014-07-24 04:42:52','mac',NULL,'M1','L7'),(134,23,NULL,NULL,'08:23','08:33',67,11.0000,NULL,10.0000,10.0000,2.0000,NULL,'Evening',10.0000,'2014-07-24 04:46:32','2014-07-24 04:46:32','mac',NULL,'M1','L7'),(135,23,NULL,NULL,'08:23','08:33',67,11.0000,NULL,10.0000,10.0000,2.0000,NULL,'Evening',10.0000,'2014-07-24 04:46:41','2014-07-24 04:46:41','mac',NULL,'M1','L7'),(136,23,NULL,NULL,'08:23','08:33',67,11.0000,NULL,10.0000,10.0000,2.0000,NULL,'Evening',10.0000,'2014-07-24 15:53:59','2014-07-24 15:53:59','mac',NULL,'M1','L7'),(137,23,NULL,NULL,'08:23','08:33',67,11.0000,NULL,10.0000,10.0000,2.0000,NULL,'Evening',10.0000,'2014-07-24 15:54:13','2014-07-24 15:54:13','mac',NULL,'M1','L7'),(138,23,NULL,NULL,'08:23','08:33',67,11.0000,NULL,10.0000,10.0000,2.0000,NULL,'Evening',10.0000,'2014-07-24 15:55:26','2014-07-24 15:55:26','mac',NULL,'M1','L7'),(139,23,NULL,NULL,'08:23','08:33',67,11.0000,NULL,10.0000,10.0000,2.0000,NULL,'Evening',10.0000,'2014-07-24 15:55:33','2014-07-24 15:55:33','mac',NULL,'M1','L7'),(140,23,NULL,NULL,'08:23','08:33',67,11.0000,NULL,10.0000,10.0000,2.0000,NULL,'Evening',10.0000,'2014-07-24 15:57:52','2014-07-24 15:57:52','mac',NULL,'M1','L7'),(141,23,NULL,NULL,'08:23','08:33',67,11.0000,NULL,10.0000,10.0000,2.0000,NULL,'Evening',10.0000,'2014-07-24 15:58:02','2014-07-24 15:58:02','mac',NULL,'M1','L7'),(142,23,NULL,NULL,'08:23','08:33',67,11.0000,NULL,10.0000,10.0000,2.0000,NULL,'Evening',10.0000,'2014-07-24 16:01:36','2014-07-24 16:01:36','mac',NULL,'M1','L7'),(143,23,NULL,NULL,'08:23','08:33',67,11.0000,NULL,10.0000,10.0000,2.0000,NULL,'Evening',10.0000,'2014-07-24 16:01:51','2014-07-24 16:01:51','mac',NULL,'M1','L7'),(144,23,NULL,NULL,'08:23','08:33',67,11.0000,NULL,10.0000,10.0000,2.0000,NULL,'Evening',10.0000,'2014-07-24 16:06:34','2014-07-24 16:06:34','mac',NULL,'M1','L7'),(145,23,NULL,NULL,'08:23','08:33',67,11.0000,NULL,10.0000,10.0000,2.0000,NULL,'Evening',10.0000,'2014-07-24 16:07:02','2014-07-24 16:07:02','mac',NULL,'M1','L7'),(146,23,NULL,NULL,'08:23','08:33',67,11.0000,NULL,10.0000,10.0000,2.0000,NULL,'Evening',10.0000,'2014-07-24 16:14:11','2014-07-24 16:14:11','mac',NULL,'M1','L7'),(147,23,NULL,NULL,'08:23','08:33',67,11.0000,NULL,10.0000,10.0000,2.0000,NULL,'Evening',10.0000,'2014-07-24 16:17:13','2014-07-24 16:17:13','mac',NULL,'M1','L7'),(148,23,NULL,NULL,'08:23','08:33',67,11.0000,NULL,10.0000,10.0000,2.0000,NULL,'Evening',10.0000,'2014-07-24 16:17:54','2014-07-24 16:17:54','mac',NULL,'M1','L7'),(149,23,NULL,NULL,'08:23','08:33',67,11.0000,NULL,10.0000,10.0000,2.0000,NULL,'Evening',10.0000,'2014-07-24 16:18:03','2014-07-24 16:18:03','mac',NULL,'M1','L7'),(150,23,NULL,NULL,'08:23','08:33',67,11.0000,NULL,10.0000,10.0000,2.0000,NULL,'Evening',10.0000,'2014-07-24 16:18:32','2014-07-24 16:18:32','mac',NULL,'M1','L7'),(151,23,NULL,NULL,'08:23','08:33',67,11.0000,NULL,10.0000,10.0000,2.0000,NULL,'Evening',10.0000,'2014-07-24 16:18:41','2014-07-24 16:18:41','mac',NULL,'M1','L7'),(152,23,NULL,NULL,'08:23','08:33',67,11.0000,NULL,10.0000,10.0000,2.0000,NULL,'Evening',10.0000,'2014-07-24 16:20:16','2014-07-24 16:20:16','mac',NULL,'M1','L7'),(153,23,NULL,NULL,'08:23','08:33',67,11.0000,NULL,10.0000,10.0000,2.0000,NULL,'Evening',10.0000,'2014-07-24 16:22:15','2014-07-24 16:22:15','mac',NULL,'M1','L7'),(154,23,NULL,NULL,'08:23','08:33',67,11.0000,NULL,10.0000,10.0000,2.0000,NULL,'Evening',10.0000,'2014-07-24 16:30:06','2014-07-24 16:30:06','mac',NULL,'M1','L7'),(155,23,NULL,NULL,'08:23','08:33',67,11.0000,NULL,10.0000,10.0000,2.0000,NULL,'Evening',10.0000,'2014-07-24 16:31:18','2014-07-24 16:31:18','mac',NULL,'M1','L7'),(156,23,NULL,NULL,'08:23','08:33',67,11.0000,NULL,10.0000,10.0000,2.0000,NULL,'Evening',10.0000,'2014-07-24 16:31:26','2014-07-24 16:31:26','mac',NULL,'M1','L7'),(157,23,NULL,NULL,'08:23','08:33',67,11.0000,NULL,10.0000,10.0000,2.0000,NULL,'Evening',10.0000,'2014-07-24 16:32:45','2014-07-24 16:32:45','mac',NULL,'M1','L7'),(158,23,NULL,NULL,'08:23','08:33',67,11.0000,NULL,10.0000,10.0000,2.0000,NULL,'Evening',10.0000,'2014-07-24 16:33:08','2014-07-24 16:33:08','mac',NULL,'M1','L7'),(159,23,NULL,NULL,'08:23','08:33',67,11.0000,NULL,10.0000,10.0000,2.0000,NULL,'Evening',10.0000,'2014-07-24 16:33:21','2014-07-24 16:33:21','mac',NULL,'M1','L7'),(160,23,NULL,NULL,'08:23','08:33',67,11.0000,NULL,10.0000,10.0000,2.0000,NULL,'Evening',10.0000,'2014-07-24 16:34:36','2014-07-24 16:34:36','mac',NULL,'M1','L7'),(161,23,NULL,NULL,'08:23','08:33',67,11.0000,NULL,10.0000,10.0000,2.0000,NULL,'Evening',10.0000,'2014-07-24 16:36:02','2014-07-24 16:36:02','mac',NULL,'M1','L7'),(162,23,NULL,NULL,'08:23','08:33',67,11.0000,NULL,10.0000,10.0000,2.0000,NULL,'Evening',10.0000,'2014-07-24 16:37:12','2014-07-24 16:37:12','mac',NULL,'M1','L7'),(163,23,NULL,NULL,'08:23','08:33',67,11.0000,NULL,10.0000,10.0000,2.0000,NULL,'Evening',10.0000,'2014-07-24 16:44:11','2014-07-24 16:44:11','mac',NULL,'M1','L7'),(164,23,NULL,NULL,'08:23','08:33',67,11.0000,NULL,10.0000,10.0000,2.0000,NULL,'Evening',10.0000,'2014-07-24 16:44:22','2014-07-24 16:44:22','mac',NULL,'M1','L7'),(165,23,NULL,NULL,'08:23','08:33',67,11.0000,NULL,10.0000,10.0000,2.0000,NULL,'Evening',10.0000,'2014-07-24 16:50:23','2014-07-24 16:50:23','mac',NULL,'M1','L7'),(166,23,NULL,NULL,'08:23','08:33',67,11.0000,NULL,10.0000,10.0000,2.0000,NULL,'Evening',10.0000,'2014-07-24 16:54:27','2014-07-24 16:54:27','mac',NULL,'M1','L7'),(167,23,NULL,NULL,'08:23','08:33',67,11.0000,NULL,10.0000,10.0000,2.0000,NULL,'Evening',10.0000,'2014-07-24 16:55:02','2014-07-24 16:55:02','mac',NULL,'M1','L7'),(168,23,NULL,NULL,'08:23','08:33',67,11.0000,NULL,10.0000,10.0000,2.0000,NULL,'Evening',10.0000,'2014-07-24 16:56:01','2014-07-24 16:56:01','mac',NULL,'M1','L7'),(169,23,NULL,NULL,'08:23','08:33',67,11.0000,NULL,10.0000,10.0000,2.0000,NULL,'Evening',10.0000,'2014-07-24 16:56:14','2014-07-24 16:56:14','mac',NULL,'M1','L7'),(170,23,NULL,NULL,'08:23','08:33',67,11.0000,NULL,10.0000,10.0000,2.0000,NULL,'Evening',10.0000,'2014-07-24 16:57:08','2014-07-24 16:57:08','mac',NULL,'M1','L7'),(171,23,NULL,NULL,'08:23','08:33',67,11.0000,NULL,10.0000,10.0000,2.0000,NULL,'Evening',10.0000,'2014-07-24 16:57:25','2014-07-24 16:57:25','mac',NULL,'M1','L7'),(172,23,NULL,NULL,'08:23','08:33',67,11.0000,NULL,10.0000,10.0000,2.0000,NULL,'Evening',10.0000,'2014-07-24 16:58:23','2014-07-24 16:58:23','mac',NULL,'M1','L7'),(173,23,NULL,NULL,'08:23','08:33',67,11.0000,NULL,10.0000,10.0000,2.0000,NULL,'Evening',10.0000,'2014-07-24 17:11:51','2014-07-24 17:11:51','mac',NULL,'M1','L7'),(174,23,NULL,NULL,'08:23','08:33',67,11.0000,NULL,10.0000,10.0000,2.0000,NULL,'Evening',10.0000,'2014-07-24 17:12:52','2014-07-24 17:12:52','mac',NULL,'M1','L7');
/*!40000 ALTER TABLE `userCourseLog` ENABLE KEYS */;
UNLOCK TABLES;

--
-- Table structure for table `userCourseReview`
--

DROP TABLE IF EXISTS `userCourseReview`;
/*!40101 SET @saved_cs_client     = @@character_set_client */;
/*!40101 SET character_set_client = utf8 */;
CREATE TABLE `userCourseReview` (
  `id` int(10) unsigned NOT NULL AUTO_INCREMENT,
  `userId` int(10) DEFAULT NULL,
  `courseId` int(10) DEFAULT NULL,
  `feedback` text,
  `ratings` varchar(15) DEFAULT NULL,
  `created` datetime DEFAULT NULL,
  `lastUpdated` datetime DEFAULT NULL,
  `fName` varchar(45) DEFAULT NULL,
  `lName` varchar(45) DEFAULT NULL,
  PRIMARY KEY (`id`),
  UNIQUE KEY `id` (`id`),
  KEY `userId` (`userId`),
  KEY `courseId` (`courseId`)
) ENGINE=MyISAM AUTO_INCREMENT=17 DEFAULT CHARSET=latin1 COMMENT='Used to keep track of all user course review';
/*!40101 SET character_set_client = @saved_cs_client */;

--
-- Dumping data for table `userCourseReview`
--

LOCK TABLES `userCourseReview` WRITE;
/*!40000 ALTER TABLE `userCourseReview` DISABLE KEYS */;
INSERT INTO `userCourseReview` VALUES (1,2,20,'Test','5','2014-06-17 19:37:52','2014-06-17 19:37:52','Ss','Kk'),(2,2,20,'bad','0','2014-06-17 19:38:04','2014-06-17 19:38:04','Ss','Kk'),(3,8,20,'test','5','2014-06-26 20:52:24','2014-06-26 20:52:24','Thiru','Kumar'),(4,4,15,'test','5','2014-06-30 10:32:35','2014-06-30 10:32:35','Siva','Kumar'),(5,4,22,'nice one ','Rating is: 3.0','2014-07-05 09:55:20','2014-07-05 09:55:20','Siva','Kumar'),(6,4,22,'Good one.....!','Rating is: 4.0','2014-07-06 11:30:41','2014-07-06 11:30:41','Siva','Kumar'),(7,4,24,'testing in ios ','(null)','2014-07-08 17:30:56','2014-07-08 17:30:56','Siva','Kumar'),(8,4,61,'Yup really good app.....!','4','2014-07-18 17:00:50','2014-07-18 17:00:50','Siva','Kumar'),(9,22,173,'awesome','5','2014-07-19 06:15:26','2014-07-19 06:15:26','21','2'),(10,4,238,'','4','2014-07-19 06:56:00','2014-07-19 06:56:00','Siva','Kumar'),(11,4,238,'Things that really matter in life seldom announces it\'s value . One such vital aspect of our existence is our breath.','4','2014-07-19 11:14:12','2014-07-19 11:14:12','Siva','Kumar'),(12,2,238,'Nice course .....!   ','4','2014-07-19 11:28:53','2014-07-19 11:28:53','Arindam','Nath'),(13,2,238,'Good course to start ....','4','2014-07-19 11:33:23','2014-07-19 11:33:23','Arindam','Nath'),(14,4,238,'Good ......','4','2014-07-20 06:39:43','2014-07-20 06:39:43','Siva','Kumar'),(15,23,211,'Great session! Feeling relaxed.','5','2014-07-22 05:40:46','2014-07-22 05:40:46','Siva','Pr Kumar'),(16,21,78,'Nice! :)','5','2014-07-24 12:13:46','2014-07-24 12:13:46','Siva','Kumar');
/*!40000 ALTER TABLE `userCourseReview` ENABLE KEYS */;
UNLOCK TABLES;

--
-- Table structure for table `userGift`
--

DROP TABLE IF EXISTS `userGift`;
/*!40101 SET @saved_cs_client     = @@character_set_client */;
/*!40101 SET character_set_client = utf8 */;
CREATE TABLE `userGift` (
  `id` int(11) NOT NULL AUTO_INCREMENT,
  `userId` int(11) NOT NULL,
  `amount` int(11) DEFAULT NULL,
  `sentTo` varchar(100) DEFAULT NULL,
  `sentOn` datetime DEFAULT NULL,
  `registeredEmail` varchar(100) DEFAULT NULL,
  `registeredDate` datetime DEFAULT NULL,
  `token` varchar(100) DEFAULT NULL,
  `created` datetime DEFAULT NULL,
  PRIMARY KEY (`id`)
) ENGINE=MyISAM AUTO_INCREMENT=8 DEFAULT CHARSET=latin1;
/*!40101 SET character_set_client = @saved_cs_client */;

--
-- Dumping data for table `userGift`
--

LOCK TABLES `userGift` WRITE;
/*!40000 ALTER TABLE `userGift` DISABLE KEYS */;
INSERT INTO `userGift` VALUES (1,1,10,NULL,NULL,NULL,NULL,NULL,'2014-06-17 03:50:00'),(2,1,10,NULL,NULL,NULL,NULL,NULL,'2014-06-17 03:50:00'),(3,1,10,NULL,NULL,NULL,NULL,NULL,'2014-06-17 03:50:00'),(4,1,10,NULL,NULL,NULL,NULL,NULL,'2014-06-17 03:50:00'),(5,1,10,NULL,NULL,NULL,NULL,NULL,'2014-06-17 03:50:00'),(6,1,10,NULL,NULL,NULL,NULL,NULL,'2014-06-17 03:50:00'),(7,1,10,NULL,NULL,NULL,NULL,NULL,'2014-06-17 03:50:00');
/*!40000 ALTER TABLE `userGift` ENABLE KEYS */;
UNLOCK TABLES;

--
-- Table structure for table `userhealthcondition`
--

DROP TABLE IF EXISTS `userhealthcondition`;
/*!40101 SET @saved_cs_client     = @@character_set_client */;
/*!40101 SET character_set_client = utf8 */;
CREATE TABLE `userhealthcondition` (
  `id` int(10) unsigned NOT NULL AUTO_INCREMENT,
  `userid` int(10) NOT NULL,
  `hcid` int(10) NOT NULL,
  `hcvalue` text,
  `hcstatus` varchar(15) DEFAULT NULL,
  `created` datetime DEFAULT NULL,
  `lastupdated` datetime DEFAULT NULL,
  PRIMARY KEY (`userid`,`hcid`),
  UNIQUE KEY `id` (`id`)
) ENGINE=MyISAM AUTO_INCREMENT=257 DEFAULT CHARSET=latin1 COMMENT='Used to keep track of all the User Health conditions';
/*!40101 SET character_set_client = @saved_cs_client */;

--
-- Dumping data for table `userhealthcondition`
--

LOCK TABLES `userhealthcondition` WRITE;
/*!40000 ALTER TABLE `userhealthcondition` DISABLE KEYS */;
INSERT INTO `userhealthcondition` VALUES (192,16,1,'1','true','2014-07-07 06:38:20','2014-07-07 06:38:20'),(3,6,1,'1','true','2014-06-18 07:06:27','2014-06-18 07:06:27'),(4,6,2,'1','false','2014-06-18 07:06:27','2014-06-18 07:06:27'),(5,6,3,'1','false','2014-06-18 07:06:27','2014-06-18 07:06:27'),(6,6,0,'1','false','2014-06-18 07:06:27','2014-06-18 07:06:27'),(159,11,1,'1','true','2014-07-03 17:48:01','2014-07-03 17:48:01'),(160,11,2,'1','true','2014-07-03 17:48:01','2014-07-03 17:48:01'),(171,12,1,'1','true','2014-07-04 17:50:04','2014-07-04 17:50:04'),(250,4,5,'1','true','2014-07-20 03:33:13','2014-07-20 03:33:13'),(101,8,0,'1','true','2014-06-26 21:06:12','2014-06-26 21:06:12'),(100,8,3,'1','true','2014-06-26 21:06:12','2014-06-26 21:06:12'),(210,19,4,'1','true','2014-07-11 04:46:29','2014-07-11 04:46:29'),(122,10,4,'1','true','2014-06-28 23:11:05','2014-06-28 23:11:05'),(117,9,4,'1','true','2014-06-28 22:49:46','2014-06-28 22:49:46'),(161,11,3,'1','true','2014-07-03 17:48:01','2014-07-03 17:48:01'),(195,17,1,'1','true','2014-07-07 19:23:51','2014-07-07 19:23:51'),(175,13,1,'1','true','2014-07-05 02:47:19','2014-07-05 02:47:19'),(176,13,3,'1','true','2014-07-05 02:47:19','2014-07-05 02:47:19'),(177,14,1,'1','true','2014-07-05 03:14:15','2014-07-05 03:14:15'),(178,15,1,'1','true','2014-07-05 03:30:25','2014-07-05 03:30:25'),(197,18,1,'1','true','2014-07-07 23:37:24','2014-07-07 23:37:24'),(223,2,3,'1','true','2014-07-15 02:09:12','2014-07-15 02:09:12'),(217,20,2,'1','true','2014-07-11 15:51:06','2014-07-11 15:51:06'),(218,20,3,'1','true','2014-07-11 15:51:06','2014-07-11 15:51:06'),(248,21,10,'1','true','2014-07-19 17:09:34','2014-07-19 17:09:34'),(239,22,10,'1','true','2014-07-18 06:38:11','2014-07-18 06:38:11'),(238,22,9,'1','true','2014-07-18 06:38:11','2014-07-18 06:38:11'),(240,22,11,'1','true','2014-07-18 06:38:11','2014-07-18 06:38:11'),(241,22,13,'1','true','2014-07-18 06:38:11','2014-07-18 06:38:11'),(242,22,2,'1','true','2014-07-18 06:38:11','2014-07-18 06:38:11'),(247,21,9,'1','true','2014-07-19 17:09:34','2014-07-19 17:09:34'),(256,23,8,'1','true','2014-07-23 02:33:57','2014-07-23 02:33:57'),(254,24,8,'1','true','2014-07-22 21:59:45','2014-07-22 21:59:45'),(255,25,9,'1','true','2014-07-23 02:07:28','2014-07-23 02:07:28');
/*!40000 ALTER TABLE `userhealthcondition` ENABLE KEYS */;
UNLOCK TABLES;

--
-- Table structure for table `userlevel`
--

DROP TABLE IF EXISTS `userlevel`;
/*!40101 SET @saved_cs_client     = @@character_set_client */;
/*!40101 SET character_set_client = utf8 */;
CREATE TABLE `userlevel` (
  `id` int(10) unsigned NOT NULL AUTO_INCREMENT,
  `userid` text,
  `currentModule` varchar(100) DEFAULT NULL,
  `nextModule` varchar(100) DEFAULT NULL,
  `currentLevel` varchar(100) DEFAULT NULL,
  `nextLevel` varchar(100) DEFAULT NULL,
  `currentLevelTime` int(10) DEFAULT NULL,
  `currentLevelStart` date DEFAULT NULL,
  `currentLevelEnd` date DEFAULT NULL,
  `courseId` int(10) DEFAULT NULL,
  `created` datetime DEFAULT NULL,
  `lastupdated` datetime DEFAULT NULL,
  `points` varchar(45) DEFAULT NULL,
  PRIMARY KEY (`id`),
  UNIQUE KEY `id` (`id`),
  KEY `courseId` (`courseId`)
) ENGINE=MyISAM AUTO_INCREMENT=197 DEFAULT CHARSET=latin1 COMMENT='Used to keep track User level';
/*!40101 SET character_set_client = @saved_cs_client */;

--
-- Dumping data for table `userlevel`
--

LOCK TABLES `userlevel` WRITE;
/*!40000 ALTER TABLE `userlevel` DISABLE KEYS */;
INSERT INTO `userlevel` VALUES (1,'2','M1','M1','L1','L2',NULL,NULL,NULL,NULL,'2014-06-17 03:58:10','2014-06-17 03:58:10',NULL),(3,'1','M1','M1','L1','L2',NULL,NULL,NULL,NULL,'2014-06-17 03:58:10','2014-06-17 03:58:10',NULL),(4,'2','M1','M1','L1','L2',12,NULL,NULL,NULL,'2014-06-17 19:36:14','2014-06-17 19:36:14','10'),(5,'2','M1','M1','L1','L2',100,NULL,NULL,NULL,'2014-06-17 19:37:31','2014-06-17 19:37:31','10'),(6,'2','M1','M1','L1','L2',11,NULL,NULL,NULL,'2014-06-17 19:39:38','2014-06-17 19:39:38','10'),(7,'999','M1','M1','L2','L2',NULL,NULL,NULL,NULL,'2014-06-17 19:43:52','2014-06-17 19:43:52',NULL),(8,'4','M1','M1','L1','L2',NULL,NULL,NULL,NULL,'2014-06-17 19:43:52','2014-06-17 19:43:52',NULL),(9,'4','M1','M1','L1','L2',11,NULL,NULL,NULL,'2014-06-17 19:53:23','2014-06-17 19:53:23','10'),(10,'4','M1','M1','L1','L2',12,NULL,NULL,NULL,'2014-06-18 02:55:48','2014-06-18 02:55:48','10'),(11,'4','M1','M1','L1','L2',103,NULL,NULL,NULL,'2014-06-18 03:03:57','2014-06-18 03:03:57','10'),(12,'4','M1','M1','L1','L2',10,NULL,NULL,NULL,'2014-06-18 03:08:54','2014-06-18 03:08:54','0'),(13,'4','M1','M1','L1','L2',103,NULL,NULL,NULL,'2014-06-18 03:10:17','2014-06-18 03:10:17','10'),(14,'4','M1','M1','L1','L2',12,NULL,NULL,NULL,'2014-06-18 03:11:54','2014-06-18 03:11:54','10'),(15,'4','M1','M1','L1','L2',12,NULL,NULL,NULL,'2014-06-18 03:12:58','2014-06-18 03:12:58','10'),(16,'5','M1','M1','L2','L2',NULL,NULL,NULL,NULL,'2014-06-18 03:18:03','2014-06-18 03:18:03',NULL),(17,'5','M1','M1','L1','L2',NULL,NULL,NULL,NULL,'2014-06-18 03:18:03','2014-06-18 03:18:03',NULL),(18,'6','M1','M1','L2','L2',NULL,NULL,NULL,NULL,'2014-06-18 07:07:27','2014-06-18 07:07:27',NULL),(19,'6','M1','M1','L1','L2',NULL,NULL,NULL,NULL,'2014-06-18 07:07:27','2014-06-18 07:07:27',NULL),(20,'4','M1','M1','L1','L2',100,NULL,NULL,NULL,'2014-06-19 05:04:44','2014-06-19 05:04:44','10'),(21,'4','M1','M1','L1','L2',100,NULL,NULL,NULL,'2014-06-19 05:06:15','2014-06-19 05:06:15','10'),(22,'4','M1','M1','L1','L2',100,NULL,NULL,NULL,'2014-06-20 15:50:24','2014-06-20 15:50:24','10'),(23,'4','M1','M1','L1','L2',100,NULL,NULL,NULL,'2014-06-21 22:50:17','2014-06-21 22:50:17','10'),(24,'4','M1','M1','L1','L2',103,NULL,NULL,NULL,'2014-06-21 23:44:31','2014-06-21 23:44:31','10'),(25,'4','M1','M1','L1','L2',12,NULL,NULL,NULL,'2014-06-21 23:47:21','2014-06-21 23:47:21','10'),(26,'4','M1','M1','L1','L2',103,NULL,NULL,NULL,'2014-06-22 00:12:35','2014-06-22 00:12:35','10'),(27,'4','M1','M1','L1','L2',12,NULL,NULL,NULL,'2014-06-22 00:41:05','2014-06-22 00:41:05','10'),(28,'4','M1','M1','L1','L2',60,NULL,NULL,NULL,'2014-06-22 00:46:01','2014-06-22 00:46:01','10'),(29,'4','M1','M1','L1','L2',60,NULL,NULL,NULL,'2014-06-22 00:47:32','2014-06-22 00:47:32','10'),(30,'4','M1','M1','L1','L2',60,NULL,NULL,NULL,'2014-06-22 00:59:13','2014-06-22 00:59:13','10'),(31,'4','M1','M1','L1','L2',60,NULL,NULL,NULL,'2014-06-22 01:17:46','2014-06-22 01:17:46','10'),(32,'4','M1','M1','L1','L2',60,NULL,NULL,NULL,'2014-06-22 01:17:55','2014-06-22 01:17:55','10'),(33,'4','M1','M1','L1','L2',60,NULL,NULL,NULL,'2014-06-22 01:18:25','2014-06-22 01:18:25','10'),(34,'4','M1','M1','L1','L2',60,NULL,NULL,NULL,'2014-06-22 01:18:37','2014-06-22 01:18:37','10'),(35,'4','M1','M1','L1','L2',60,NULL,NULL,NULL,'2014-06-22 01:23:10','2014-06-22 01:23:10','10'),(36,'4','M1','M1','L1','L2',60,NULL,NULL,NULL,'2014-06-22 01:27:10','2014-06-22 01:27:10','10'),(37,'4','M1','M1','L1','L2',60,NULL,NULL,NULL,'2014-06-22 01:32:55','2014-06-22 01:32:55','10'),(38,'4','M1','M1','L1','L2',60,NULL,NULL,NULL,'2014-06-22 01:34:29','2014-06-22 01:34:29','10'),(39,'4','M1','M1','L1','L2',60,NULL,NULL,NULL,'2014-06-22 01:39:29','2014-06-22 01:39:29','10'),(40,'4','M1','M1','L1','L2',60,NULL,NULL,NULL,'2014-06-22 01:39:43','2014-06-22 01:39:43','10'),(41,'4','M1','M1','L1','L2',60,NULL,NULL,NULL,'2014-06-22 01:40:14','2014-06-22 01:40:14','10'),(42,'4','M1','M1','L1','L2',60,NULL,NULL,NULL,'2014-06-22 01:49:39','2014-06-22 01:49:39','10'),(43,'4','M1','M1','L1','L2',60,NULL,NULL,NULL,'2014-06-22 01:51:30','2014-06-22 01:51:30','10'),(44,'4','M1','M1','L1','L2',60,NULL,NULL,NULL,'2014-06-22 01:52:04','2014-06-22 01:52:04','10'),(45,'4','M1','M1','L1','L2',60,NULL,NULL,NULL,'2014-06-22 01:58:58','2014-06-22 01:58:58','10'),(46,'4','M1','M1','L1','L2',60,NULL,NULL,NULL,'2014-06-22 02:01:25','2014-06-22 02:01:25','10'),(47,'4','M1','M1','L1','L2',60,NULL,NULL,NULL,'2014-06-22 02:01:25','2014-06-22 02:01:25','10'),(48,'4','M1','M1','L1','L2',70,NULL,NULL,NULL,'2014-06-22 02:01:55','2014-06-22 02:01:55','10'),(49,'4','M1','M1','L1','L2',70,NULL,NULL,NULL,'2014-06-22 02:02:48','2014-06-22 02:02:48','10'),(50,'4','M1','M1','L1','L2',70,NULL,NULL,NULL,'2014-06-22 02:04:21','2014-06-22 02:04:21','10'),(51,'4','M1','M1','L1','L2',70,NULL,NULL,NULL,'2014-06-22 02:05:12','2014-06-22 02:05:12','10'),(52,'4','M1','M1','L1','L2',60,NULL,NULL,NULL,'2014-06-22 03:36:13','2014-06-22 03:36:13','10'),(53,'4','M1','M1','L1','L2',6,NULL,NULL,NULL,'2014-06-22 03:36:55','2014-06-22 03:36:55','0'),(54,'4','M1','M1','L1','L2',60,NULL,NULL,NULL,'2014-06-22 03:39:42','2014-06-22 03:39:42','10'),(55,'4','M1','M1','L1','L2',60,NULL,NULL,NULL,'2014-06-22 03:41:57','2014-06-22 03:41:57','10'),(56,'4','M1','M1','L1','L2',60,NULL,NULL,NULL,'2014-06-22 03:44:02','2014-06-22 03:44:02','10'),(57,'4','M1','M1','L1','L2',60,NULL,NULL,NULL,'2014-06-22 03:45:01','2014-06-22 03:45:01','10'),(58,'4','M1','M1','L1','L2',60,NULL,NULL,NULL,'2014-06-22 03:49:40','2014-06-22 03:49:40','10'),(59,'4','M1','M1','L1','L2',60,NULL,NULL,NULL,'2014-06-22 03:50:11','2014-06-22 03:50:11','10'),(60,'4','M1','M1','L1','L2',60,NULL,NULL,NULL,'2014-06-22 03:50:13','2014-06-22 03:50:13','10'),(61,'4','M1','M1','L1','L2',60,NULL,NULL,NULL,'2014-06-22 03:50:15','2014-06-22 03:50:15','10'),(62,'4','M1','M1','L1','L2',60,NULL,NULL,NULL,'2014-06-22 03:52:56','2014-06-22 03:52:56','10'),(63,'4','M1','M1','L1','L2',60,NULL,NULL,NULL,'2014-06-22 04:10:01','2014-06-22 04:10:01','10'),(64,'4','M1','M1','L1','L2',60,NULL,NULL,NULL,'2014-06-22 04:11:04','2014-06-22 04:11:04','10'),(65,'4','M1','M1','L1','L2',60,NULL,NULL,NULL,'2014-06-22 15:16:59','2014-06-22 15:16:59','10'),(66,'4','M1',NULL,'L2',NULL,60,NULL,NULL,NULL,'2014-06-22 15:17:23','2014-06-22 15:17:23','10'),(67,'4','M1','M1','L1','L2',60,NULL,NULL,NULL,'2014-06-22 15:18:57','2014-06-22 15:18:57','10'),(68,'4','M1','M1','L1','L2',60,NULL,NULL,NULL,'2014-06-22 15:18:59','2014-06-22 15:18:59','10'),(69,'4','M1','M1','L1','L2',60,NULL,NULL,NULL,'2014-06-22 15:19:02','2014-06-22 15:19:02','10'),(70,'4','M1','M1','L1','L2',60,NULL,NULL,NULL,'2014-06-22 15:31:14','2014-06-22 15:31:14','10'),(71,'4','M1',NULL,'L2',NULL,60,NULL,NULL,NULL,'2014-06-22 15:32:41','2014-06-22 15:32:41','10'),(72,'4','M1','M1','L1','L2',60,NULL,NULL,NULL,'2014-06-22 15:57:33','2014-06-22 15:57:33','10'),(73,'4','M1','M1','L1','L2',100,NULL,NULL,NULL,'2014-06-22 16:25:17','2014-06-22 16:25:17','10'),(74,'4','M1','M1','L1','L2',100,NULL,NULL,NULL,'2014-06-22 16:27:38','2014-06-22 16:27:38','10'),(75,'4','M1','M1','L1','L2',100,NULL,NULL,NULL,'2014-06-22 16:30:36','2014-06-22 16:30:36','10'),(76,'4','M1','M1','L1','L2',100,NULL,NULL,NULL,'2014-06-22 16:31:24','2014-06-22 16:31:24','10'),(77,'4','M1','M1','L1','L2',100,NULL,NULL,NULL,'2014-06-22 16:36:42','2014-06-22 16:36:42','10'),(78,'8','M1','M1','L2','L2',NULL,NULL,NULL,NULL,'2014-06-26 20:43:14','2014-06-26 20:43:14',NULL),(79,'8','M1','M1','L1','L2',NULL,NULL,NULL,NULL,'2014-06-26 20:43:14','2014-06-26 20:43:14',NULL),(80,'8','M1','M1','L1','L2',12,NULL,NULL,NULL,'2014-06-26 20:51:52','2014-06-26 20:51:52','10'),(81,'8','M1','M1','L1','L2',11,NULL,NULL,NULL,'2014-06-26 20:53:20','2014-06-26 20:53:20','10'),(82,'9','M1','M1','L2','L2',NULL,NULL,NULL,NULL,'2014-06-28 22:43:45','2014-06-28 22:43:45',NULL),(83,'9','M1','M1','L1','L2',NULL,NULL,NULL,NULL,'2014-06-28 22:43:45','2014-06-28 22:43:45',NULL),(84,'10','M1','M1','L2','L2',NULL,NULL,NULL,NULL,'2014-06-28 22:52:56','2014-06-28 22:52:56',NULL),(85,'10','M1','M1','L1','L2',NULL,NULL,NULL,NULL,'2014-06-28 22:52:56','2014-06-28 22:52:56',NULL),(86,'4','M1','M1','L1','L2',6371,NULL,NULL,NULL,'2014-07-04 00:22:23','2014-07-04 00:22:23','10'),(87,'4','M1','M1','L1','L2',4867,NULL,NULL,NULL,'2014-07-05 02:12:11','2014-07-05 02:12:11','10'),(88,'4','M1',NULL,'L3',NULL,38203,NULL,NULL,NULL,'2014-07-05 02:34:56','2014-07-05 02:34:56','10'),(89,'4','M1','M1','L3','L4',8486,NULL,NULL,NULL,'2014-07-06 12:46:33','2014-07-06 12:46:33','10'),(90,'4','M1','M1','L3','L4',6848,NULL,NULL,NULL,'2014-07-06 12:46:51','2014-07-06 12:46:51','10'),(91,'4','M1','M1','L3','L4',6845,NULL,NULL,NULL,'2014-07-06 12:53:34','2014-07-06 12:53:34','10'),(92,'4','M1','M1','L3','L4',21808,NULL,NULL,NULL,'2014-07-06 13:24:24','2014-07-06 13:24:24','10'),(93,'4','M1','M1','L1','L2',25831,NULL,NULL,NULL,'2014-07-06 13:37:28','2014-07-06 13:37:28','10'),(94,'17','M1','M1','L2','L2',NULL,NULL,NULL,NULL,'2014-07-07 19:26:05','2014-07-07 19:26:05',NULL),(95,'17','M1','M1','L1','L2',NULL,NULL,NULL,NULL,'2014-07-07 19:26:05','2014-07-07 19:26:05',NULL),(96,'18','M1','M1','L2','L2',NULL,NULL,NULL,NULL,'2014-07-07 23:33:58','2014-07-07 23:33:58',NULL),(97,'18','M1','M1','L1','L2',NULL,NULL,NULL,NULL,'2014-07-07 23:33:58','2014-07-07 23:33:58',NULL),(98,'20','M1','M1','L1','L2',NULL,NULL,NULL,NULL,'2014-07-11 05:28:13','2014-07-11 05:28:13',NULL),(99,'20','M1','M1','L1','L2',NULL,NULL,NULL,NULL,'2014-07-11 05:28:13','2014-07-11 05:28:13',NULL),(102,'22','M1','M1','L2','L2',NULL,NULL,NULL,NULL,'2014-07-18 03:42:25','2014-07-18 03:42:25',NULL),(101,'21','M1','M1','L1','L2',NULL,NULL,NULL,NULL,'2014-07-12 23:40:32','2014-07-12 23:40:32',NULL),(103,'22','M1','M1','L1','L2',NULL,NULL,NULL,NULL,'2014-07-18 03:42:25','2014-07-18 03:42:25',NULL),(104,'21','M1','M1','L1','L2',12,NULL,NULL,NULL,'2014-07-18 15:38:18','2014-07-18 15:38:18','10'),(105,'21','M1','M1','L1','L2',12,NULL,NULL,NULL,'2014-07-19 06:00:51','2014-07-19 06:00:51','10'),(106,'22','M1','M1','L1','L2',12,NULL,NULL,NULL,'2014-07-19 06:28:55','2014-07-19 06:28:55','10'),(107,'4','M1','M1','L1','L2',12,NULL,NULL,NULL,'2014-07-19 07:27:03','2014-07-19 07:27:03','10'),(108,'21','M1','M1','L1','L2',12,NULL,NULL,NULL,'2014-07-19 18:19:05','2014-07-19 18:19:05','10'),(109,'21','M1','M1','L1','L2',12,NULL,NULL,NULL,'2014-07-20 01:25:48','2014-07-20 01:25:48','10'),(110,'21','M1','M1','L1','L2',12,NULL,NULL,NULL,'2014-07-20 07:34:04','2014-07-20 07:34:04','10'),(111,'21','M1',NULL,'L3',NULL,12,NULL,NULL,NULL,'2014-07-20 19:55:37','2014-07-20 19:55:37','10'),(112,'23','M1','M1','L7','L8',NULL,NULL,NULL,NULL,'2014-07-20 20:33:58','2014-07-20 20:33:58',NULL),(113,'23','M1','M1','L1','L2',67,NULL,NULL,NULL,'2014-07-20 22:44:58','2014-07-20 22:44:58','10'),(114,'23','M1','M1','L7','L8',11,NULL,NULL,NULL,'2014-07-20 22:47:15','2014-07-20 22:47:15','10'),(115,'23','M1','M1','L7','L8',11,NULL,NULL,NULL,'2014-07-21 23:14:37','2014-07-21 23:14:37','10'),(116,'23','M1','M1','L7','L8',11,NULL,NULL,NULL,'2014-07-21 23:14:47','2014-07-21 23:14:47','10'),(117,'23','M1','M1','L7','L8',11,NULL,NULL,NULL,'2014-07-21 23:18:38','2014-07-21 23:18:38','10'),(118,'21','M1','M1','L3','L4',12,NULL,NULL,NULL,'2014-07-22 04:10:09','2014-07-22 04:10:09','10'),(119,'21','M1','M1','L3','L4',12,NULL,NULL,NULL,'2014-07-22 04:10:53','2014-07-22 04:10:53','10'),(120,'21','M1','M1','L3','L4',12,NULL,NULL,NULL,'2014-07-22 04:15:12','2014-07-22 04:15:12','10'),(121,'21','M1','M1','L3','L4',12,NULL,NULL,NULL,'2014-07-22 04:36:44','2014-07-22 04:36:44','10'),(122,'21','M1',NULL,'L5',NULL,12,NULL,NULL,NULL,'2014-07-22 04:38:42','2014-07-22 04:38:42','10'),(123,'21','M1','M1','L4','L5',12,NULL,NULL,NULL,'2014-07-22 04:40:17','2014-07-22 04:40:17','10'),(124,'21','M1','M1','L4','L5',12,NULL,NULL,NULL,'2014-07-22 05:08:07','2014-07-22 05:08:07','10');
/*!40000 ALTER TABLE `userlevel` ENABLE KEYS */;
UNLOCK TABLES;

--
-- Table structure for table `users`
--

DROP TABLE IF EXISTS `users`;
/*!40101 SET @saved_cs_client     = @@character_set_client */;
/*!40101 SET character_set_client = utf8 */;
CREATE TABLE `users` (
  `id` int(10) unsigned NOT NULL AUTO_INCREMENT,
  `pwd` varchar(100) DEFAULT NULL,
  `email` varchar(100) NOT NULL,
  `fname` varchar(100) NOT NULL,
  `mname` varchar(32) DEFAULT NULL,
  `lname` varchar(100) NOT NULL,
  `dob` datetime DEFAULT NULL,
  `gender` varchar(10) DEFAULT NULL,
  `created` datetime DEFAULT NULL,
  `lastupdated` datetime DEFAULT NULL,
  `currentlevel` varchar(100) DEFAULT NULL,
  `score` int(10) DEFAULT NULL,
  `startinglevel` varchar(100) DEFAULT NULL,
  `primaryhealthcondition` varchar(5) DEFAULT NULL,
  `breathingtechmorning` int(10) DEFAULT NULL,
  `breathingtechafternoon` int(10) DEFAULT NULL,
  `breathingtechevening` int(10) DEFAULT NULL,
  `sequence` decimal(10,4) DEFAULT NULL,
  `cycle` int(10) DEFAULT NULL,
  `ratio` varchar(100) DEFAULT NULL,
  `metrics` text,
  `userType` varchar(45) DEFAULT NULL,
  `referralId` varchar(45) DEFAULT NULL,
  `rewards` int(10) DEFAULT NULL,
  `subsBeginDate` datetime DEFAULT NULL,
  `subsEndDate` datetime DEFAULT NULL,
  `trialBeginDate` datetime DEFAULT NULL,
  `trialEndDate` datetime DEFAULT NULL,
  `calibration` varchar(5) DEFAULT NULL,
  PRIMARY KEY (`id`),
  UNIQUE KEY `email` (`email`)
) ENGINE=MyISAM AUTO_INCREMENT=28 DEFAULT CHARSET=latin1 COMMENT='Used to keep track of all User accounts';
/*!40101 SET character_set_client = @saved_cs_client */;

--
-- Dumping data for table `users`
--

LOCK TABLES `users` WRITE;
/*!40000 ALTER TABLE `users` DISABLE KEYS */;
INSERT INTO `users` VALUES (1,'51e69892ab49df85c6230ccc57f8e1d1606caccc','urdeep003@yahoo.com','Predeep',NULL,'Ravi',NULL,NULL,'2014-06-17 03:48:22','2014-06-17 03:48:51',NULL,NULL,NULL,NULL,1,1,1,NULL,NULL,NULL,NULL,'1',NULL,NULL,'2014-06-17 03:48:50','2015-06-17 03:48:50','2014-06-17 03:48:22','2014-07-17 03:48:22',NULL),(2,'a0f1490a20d0211c997b44bc357e1972deab8ae3','s2@s.com','Arindam','','Nath','1989-12-20 00:00:00','Male','2014-06-17 03:56:16','2014-07-05 06:35:12',NULL,NULL,NULL,NULL,1,1,1,NULL,20,'2:2','[{\"inHaleTime\":\"2\",\"exHaleTime\":\"2\"}]','1',NULL,NULL,'2014-07-05 00:00:00','2016-07-05 00:00:00','2014-06-17 03:56:16','2014-07-17 03:56:16','1'),(3,'5baa61e4c9b93f3f0682250b6cf8331b7ee68fd8','s@n.com','s','n','p',NULL,NULL,'2014-06-17 16:40:14','2014-06-17 16:40:14',NULL,NULL,NULL,NULL,1,1,1,NULL,NULL,NULL,NULL,'0',NULL,NULL,NULL,NULL,'2014-06-17 16:40:14','2014-07-17 16:40:14',NULL),(4,'a0f1490a20d0211c997b44bc357e1972deab8ae3','s3@s.com','Siva','','Kumar','1984-07-21 00:00:00','Male','2014-06-17 19:43:06','2014-07-21 17:25:37',NULL,20,NULL,'0',1,1,1,NULL,20,'2:2','[{\"inHaleTime\":\"2\",\"exHaleTime\":\"2\"}]','1',NULL,NULL,NULL,NULL,'2014-06-17 19:43:06','2014-07-17 19:43:06','1'),(5,'a0f1490a20d0211c997b44bc357e1972deab8ae3','s5@s.com','Ss5','','Pr5',NULL,NULL,'2014-06-18 03:17:11','2014-06-18 03:18:03',NULL,NULL,NULL,NULL,3,3,3,NULL,20,'2:2','[{\"inHaleTime\":\"2\",\"exHaleTime\":\"2\"}]','0',NULL,NULL,NULL,NULL,'2014-06-18 03:17:11','2014-07-18 03:17:11','1'),(6,'7288edd0fc3ffcbe93a0cf06e3568e28521687bc','pasupuleti.veerababu@gmail.com','Veerababu','','Pasupuleti',NULL,NULL,'2014-06-18 07:05:45','2014-06-18 07:07:27',NULL,NULL,NULL,'0',2,2,2,NULL,20,'2:2','[{\"inHaleTime\":\"10\",\"exHaleTime\":\"10\"}]','0',NULL,NULL,NULL,NULL,'2014-06-18 07:05:45','2014-07-18 07:05:45','1'),(7,'a0f1490a20d0211c997b44bc357e1972deab8ae3','s4@s.com','Ssss','','Kkkkk',NULL,NULL,'2014-06-21 23:05:04','2014-06-21 23:05:04',NULL,0,NULL,NULL,1,1,1,NULL,NULL,NULL,NULL,'0',NULL,NULL,NULL,NULL,'2014-06-21 23:05:04','2014-07-21 23:05:04',NULL),(8,'6b0d31c0d563223024da45691584643ac78c96e8','m@y.com','Thiru','','Kumar','1953-06-26 00:00:00','Male','2014-06-26 20:41:12','2014-06-28 21:51:43',NULL,NULL,NULL,NULL,3,3,3,NULL,20,'2:2','[{\"inHaleTime\":\"3\",\"exHaleTime\":\"3\"}]','0',NULL,NULL,NULL,NULL,'2014-06-26 20:41:12','2014-07-26 20:41:12','1'),(9,'a0f1490a20d0211c997b44bc357e1972deab8ae3','s6@s.com','Siva','','Kumars','1995-12-07 00:00:00','Male','2014-06-28 22:14:43','2014-06-28 22:49:11',NULL,NULL,NULL,NULL,3,3,3,NULL,20,'2:2','[{\"inHaleTime\":\"0\",\"exHaleTime\":\"0\"}]','0',NULL,NULL,NULL,NULL,'2014-06-28 22:14:43','2014-07-28 22:14:43','1'),(10,'a0f1490a20d0211c997b44bc357e1972deab8ae3','s7@s.com','Sss','','Kkk','2014-06-28 00:00:00','','2014-06-28 22:51:28','2014-06-28 23:10:56',NULL,NULL,NULL,NULL,2,2,2,NULL,20,'2:2','[{\"inHaleTime\":\"0\",\"exHaleTime\":\"0\"}]','0',NULL,NULL,NULL,NULL,'2014-06-28 22:51:28','2014-07-28 22:51:28','1'),(11,'a94a8fe5ccb19ba61c4c0873d391e987982fbbd3','m@yahoo.com','Kk','','Mm',NULL,NULL,'2014-07-03 17:41:41','2014-07-03 17:41:41',NULL,NULL,NULL,NULL,1,1,1,NULL,NULL,NULL,NULL,'0',NULL,NULL,NULL,NULL,'2014-07-03 17:41:41','2014-08-03 17:41:41',NULL),(12,'a94a8fe5ccb19ba61c4c0873d391e987982fbbd3','mk@c1x.com','Abc','','Code',NULL,NULL,'2014-07-04 17:48:17','2014-07-04 17:48:17',NULL,NULL,NULL,NULL,1,1,1,NULL,NULL,NULL,NULL,'0',NULL,NULL,NULL,NULL,'2014-07-04 17:48:17','2014-08-04 17:48:17',NULL),(13,'a0f1490a20d0211c997b44bc357e1972deab8ae3','s8@s.com','Sss','','Kkk',NULL,NULL,'2014-07-05 02:46:54','2014-07-05 02:46:54',NULL,NULL,NULL,NULL,1,1,1,NULL,NULL,NULL,NULL,'0',NULL,NULL,NULL,NULL,'2014-07-05 02:46:54','2014-08-05 02:46:54',NULL),(14,'a0f1490a20d0211c997b44bc357e1972deab8ae3','a1@g.com','Arin','','Nath',NULL,NULL,'2014-07-05 03:13:58','2014-07-05 03:13:58',NULL,NULL,NULL,NULL,1,1,1,NULL,NULL,NULL,NULL,'0',NULL,NULL,NULL,NULL,'2014-07-05 03:13:58','2014-08-05 03:13:58',NULL),(15,'a0f1490a20d0211c997b44bc357e1972deab8ae3','s9@s.com','Sss','','Kkk',NULL,NULL,'2014-07-05 03:28:47','2014-07-05 03:28:47',NULL,NULL,NULL,NULL,1,1,1,NULL,NULL,NULL,NULL,'0',NULL,NULL,NULL,NULL,'2014-07-05 03:28:47','2014-08-05 03:28:47',NULL),(16,'a0f1490a20d0211c997b44bc357e1972deab8ae3','s10@s.com','S','','K',NULL,NULL,'2014-07-07 06:33:42','2014-07-07 06:33:42',NULL,NULL,NULL,NULL,1,1,1,NULL,NULL,NULL,NULL,'0',NULL,NULL,NULL,NULL,'2014-07-07 06:33:42','2014-08-07 06:33:42',NULL),(17,'a94a8fe5ccb19ba61c4c0873d391e987982fbbd3','m@m.com','Mm','Kk','Kk',NULL,NULL,'2014-07-07 19:23:08','2014-07-07 19:26:05',NULL,NULL,NULL,NULL,2,2,2,NULL,20,'2:2','[{\"inHaleTime\":\"4\",\"exHaleTime\":\"3\"}]','0',NULL,NULL,NULL,NULL,'2014-07-07 19:23:08','2014-08-07 19:23:08','1'),(18,'a94a8fe5ccb19ba61c4c0873d391e987982fbbd3','mm@mm.com','A1','','B1','1993-07-07 00:00:00','Male','2014-07-07 23:31:47','2014-07-07 23:37:26',NULL,NULL,NULL,NULL,3,3,3,NULL,20,'2:2','[{\"inHaleTime\":\"0\",\"exHaleTime\":\"0\"}]','0',NULL,NULL,NULL,NULL,'2014-07-07 23:31:47','2014-08-07 23:31:47','1'),(19,'11dfadf5e089a9c3e6313ab55f66eae21d25c130','sivas@yahoo.com','Siva','','Sengottuvelappan',NULL,NULL,'2014-07-11 04:45:58','2014-07-11 04:45:58',NULL,NULL,NULL,NULL,1,1,1,NULL,NULL,NULL,NULL,'0',NULL,NULL,NULL,NULL,'2014-07-11 04:45:58','2014-08-11 04:45:58',NULL),(20,'7110eda4d09e062aa5e4a390b0a572ac0d2c0220','1@1.com','233','','123','1994-07-10 00:00:00','Male','2014-07-11 05:27:14','2014-07-18 03:37:56',NULL,NULL,NULL,NULL,1,1,1,NULL,20,'2:2','[{\"inHaleTime\":\"0\",\"exHaleTime\":\"0\"}]','0',NULL,NULL,NULL,NULL,'2014-07-11 05:27:14','2014-08-11 05:27:14','1'),(21,'a0f1490a20d0211c997b44bc357e1972deab8ae3','s22@y.com','Siva','','Kumar','1975-07-12 00:00:00','Male','2014-07-12 23:38:45','2014-07-22 05:23:04',NULL,40,NULL,NULL,2,2,3,NULL,20,'2:2','[{\"inHaleTime\":\"0\",\"exHaleTime\":\"0\"}]','0',NULL,NULL,NULL,NULL,'2014-07-12 23:38:45','2014-08-12 23:38:45','1'),(22,'da4b9237bacccdf19c0760cab7aec4a8359010b0','2@2.com','21','','2','1981-07-16 00:00:00','Male','2014-07-18 03:40:44','2014-07-19 06:28:55',NULL,10,NULL,NULL,1,1,1,NULL,20,'2:2','[{\"inHaleTime\":\"0\",\"exHaleTime\":\"0\"}]','0',NULL,NULL,NULL,NULL,'2014-07-18 03:40:44','2014-08-18 03:40:44','1'),(23,'a0f1490a20d0211c997b44bc357e1972deab8ae3','s23@s.com','Siva','','Pr Kumar',NULL,NULL,'2014-07-20 20:15:55','2014-07-22 05:59:07',NULL,10,NULL,NULL,2,1,1,NULL,20,'2:2','[{\"inHaleTime\":\"0\",\"exHaleTime\":\"0\"}]','1',NULL,NULL,NULL,NULL,'2014-07-20 20:15:55','2014-08-20 20:15:55','1'),(24,'a0f1490a20d0211c997b44bc357e1972deab8ae3','sivakumarcs@yahoo.com','Siva','','S',NULL,NULL,'2014-07-22 21:59:27','2014-07-23 03:05:36',NULL,NULL,NULL,NULL,2,2,2,NULL,20,'2:2','[{\"inHaleTime\":\"0\",\"exHaleTime\":\"0\"}]','0',NULL,NULL,NULL,NULL,'2014-07-22 21:59:27','2014-08-22 21:59:27','1'),(25,'f779cd3d0e1fa75cb91950a8bd376c81ed26b431','strider2023@gmail.com','Arindam','','Nath','1989-12-20 00:00:00','Male','2014-07-23 02:07:14','2014-07-23 02:09:38',NULL,NULL,NULL,NULL,3,3,3,NULL,20,'2:2','[{\"inHaleTime\":\"0\",\"exHaleTime\":\"0\"}]','0',NULL,NULL,NULL,NULL,'2014-07-23 02:07:14','2014-08-23 02:07:14','1'),(26,'91dfd9ddb4198affc5c194cd8ce6d338fde470e2','tester@y.com','U','TG','M','1975-06-08 00:00:00','Male','2014-07-24 09:28:42','2014-07-24 09:28:45',NULL,4,NULL,NULL,1,1,1,NULL,NULL,NULL,NULL,'1',NULL,NULL,'2014-07-24 00:00:00','2016-07-24 00:00:00','2014-07-24 09:28:42','2014-08-24 09:28:42',NULL),(27,'91dfd9ddb4198affc5c194cd8ce6d338fde470e2','trailuser@y.com','U','TG','M','1975-06-08 00:00:00','Male','2014-07-24 09:28:59','2014-07-24 09:28:59',NULL,4,NULL,NULL,2,2,2,NULL,NULL,NULL,NULL,'0',NULL,NULL,NULL,NULL,'2014-07-24 09:28:59','2014-08-24 09:28:59',NULL);
/*!40000 ALTER TABLE `users` ENABLE KEYS */;
UNLOCK TABLES;
/*!40103 SET TIME_ZONE=@OLD_TIME_ZONE */;

/*!40101 SET SQL_MODE=@OLD_SQL_MODE */;
/*!40014 SET FOREIGN_KEY_CHECKS=@OLD_FOREIGN_KEY_CHECKS */;
/*!40014 SET UNIQUE_CHECKS=@OLD_UNIQUE_CHECKS */;
/*!40101 SET CHARACTER_SET_CLIENT=@OLD_CHARACTER_SET_CLIENT */;
/*!40101 SET CHARACTER_SET_RESULTS=@OLD_CHARACTER_SET_RESULTS */;
/*!40101 SET COLLATION_CONNECTION=@OLD_COLLATION_CONNECTION */;
/*!40111 SET SQL_NOTES=@OLD_SQL_NOTES */;

-- Dump completed on 2014-07-24 18:25:41
